/*
 Navicat Premium Data Transfer

 Source Server         : localhost
 Source Server Type    : MySQL
 Source Server Version : 50509
 Source Host           : localhost
 Source Database       : imachina

 Target Server Type    : MySQL
 Target Server Version : 50509
 File Encoding         : utf-8

 Date: 01/09/2013 11:15:16 AM
*/

SET NAMES utf8;
SET FOREIGN_KEY_CHECKS = 0;

-- ----------------------------
--  Table structure for `Log`
-- ----------------------------
DROP TABLE IF EXISTS `Log`;
CREATE TABLE `Log` (
  `logId` bigint(16) NOT NULL AUTO_INCREMENT,
  `logUserRef` bigint(16) NOT NULL DEFAULT '0',
  `logUrl` text,
  `logPlatform` bigint(16) DEFAULT NULL,
  `logDomain` bigint(16) DEFAULT NULL,
  `logAction` varchar(255) DEFAULT NULL,
  `logArgument` text,
  `logCreate` date DEFAULT NULL,
  PRIMARY KEY (`logId`,`logUserRef`)
) ENGINE=InnoDB AUTO_INCREMENT=26337 DEFAULT CHARSET=utf8;

-- ----------------------------
--  Records of `Log`
-- ----------------------------
BEGIN;
INSERT INTO `Log` VALUES ('25798', '0', 'area=account&action=create&actionsub=&login=abc', null, null, 'webservice.rest.php', 'account//create//', '2013-01-09'), ('25799', '0', 'area=account&action=create&actionsub=&login=abc', null, null, 'webservice.rest.php', 'account//create//', '2013-01-09'), ('25800', '0', 'area=textobjectdetail&action=rule&actionsub=form&textobjectId=2373', null, null, 'webservice.rest.php', 'textobjectdetail//rule/form/', '2013-01-09'), ('25801', '0', 'area=textobjectdetail&action=update&actionsub=form&textobjectId=2370', null, null, 'webservice.rest.php', 'textobjectdetail//update/form/', '2013-01-09'), ('25802', '0', 'area=textobjectdetail&action=insert&actionsub=form&textobjectType=text&textobjectTypeSub=plain&textobjectRef=2373&textobjectCommentType=', null, null, 'webservice.rest.php', 'textobjectdetail//insert/form/', '2013-01-09'), ('25803', '0', 'area=textobjectdetail&action=rule&actionsub=form&textobjectId=2373', null, null, 'webservice.rest.php', 'textobjectdetail//rule/form/', '2013-01-09'), ('25804', '0', 'area=textobjectdetail&action=update&actionsub=form&textobjectId=2373', null, null, 'webservice.rest.php', 'textobjectdetail//update/form/', '2013-01-09'), ('25805', '0', 'area=textobjectdetail&action=update&textobjectId=2373&textobjectArgument=Design', null, null, 'webservice.rest.php', 'textobjectdetail//update//', '2013-01-09'), ('25806', '0', 'area=textobjectdetail&action=get&actionsub=core&textobjectId=2373', null, null, 'webservice.rest.php', 'textobjectdetail//get/core/', '2013-01-09'), ('25807', '0', 'area=textobjectdetail&action=insert&actionsub=form&textobjectType=text&textobjectTypeSub=plain&textobjectRef=2373&textobjectCommentType=', null, null, 'webservice.rest.php', 'textobjectdetail//insert/form/', '2013-01-09'), ('25808', '0', 'area=textobjectdetail&action=insert&actionsub=form&textobjectType=hyperthread&textobjectTypeSub=plain&textobjectRef=2373&textobjectCommentType=', null, null, 'webservice.rest.php', 'textobjectdetail//insert/form/', '2013-01-09'), ('25809', '0', 'area=textobjectdetail&action=insert&actionsub=&textobjectRef=2373&textobjectType=hyperthread&textobjectTypeSub=plain&textobjectCommentType=&textobjectPositionX=50&textobjectPositionY=50&textobjectArgument=WasTunSieDa%3F+(ABC)', null, null, 'webservice.rest.php', 'textobjectdetail//insert//', '2013-01-09'), ('25810', '0', 'area=textobjectdetail&action=get&actionsub=listview&textobjectId=2377', null, null, 'webservice.rest.php', 'textobjectdetail//get/listview/', '2013-01-09'), ('25811', '0', 'area=textobjectdetail&action=insert&actionsub=form&textobjectType=text&textobjectTypeSub=plain&textobjectRef=2373&textobjectCommentType=', null, null, 'webservice.rest.php', 'textobjectdetail//insert/form/', '2013-01-09'), ('25812', '0', 'area=thread&action=get&actionsub=view&textobjectId=2377', null, null, 'webservice.rest.php', 'thread//get/view/', '2013-01-09'), ('25813', '0', 'area=textobjectdetail&action=rule&actionsub=form&textobjectId=2377', null, null, 'webservice.rest.php', 'textobjectdetail//rule/form/', '2013-01-09'), ('25814', '0', 'area=thread&action=get&actionsub=view&textobjectId=2377', null, null, 'webservice.rest.php', 'thread//get/view/', '2013-01-09'), ('25815', '0', 'area=thread&action=get&actionsub=view&textobjectId=2373', null, null, 'webservice.rest.php', 'thread//get/view/', '2013-01-09'), ('25816', '0', 'area=textobjectdetail&action=insert&actionsub=form&textobjectType=text&textobjectTypeSub=plain&textobjectRef=2373&textobjectCommentType=', null, null, 'webservice.rest.php', 'textobjectdetail//insert/form/', '2013-01-09'), ('25817', '0', 'area=textobjectdetail&action=insert&actionsub=form&textobjectType=hyperthread&textobjectTypeSub=plain&textobjectRef=2373&textobjectCommentType=', null, null, 'webservice.rest.php', 'textobjectdetail//insert/form/', '2013-01-09'), ('25818', '0', 'area=textobjectdetail&action=insert&actionsub=&textobjectRef=2373&textobjectType=hyperthread&textobjectTypeSub=plain&textobjectCommentType=&textobjectPositionX=50&textobjectPositionY=50&textobjectArgument=TECHNOPARTY', null, null, 'webservice.rest.php', 'textobjectdetail//insert//', '2013-01-09'), ('25819', '0', 'area=textobjectdetail&action=get&actionsub=listview&textobjectId=%222378', null, null, 'webservice.rest.php', 'textobjectdetail//get/listview/', '2013-01-09'), ('25820', '0', 'area=textobjectdetail&action=insert&actionsub=form&textobjectType=text&textobjectTypeSub=plain&textobjectRef=2373&textobjectCommentType=', null, null, 'webservice.rest.php', 'textobjectdetail//insert/form/', '2013-01-09'), ('25821', '0', 'area=thread&action=get&actionsub=view&textobjectId=2378', null, null, 'webservice.rest.php', 'thread//get/view/', '2013-01-09'), ('25822', '0', 'area=textobjectdetail&action=update&actionsub=form&textobjectId=2378', null, null, 'webservice.rest.php', 'textobjectdetail//update/form/', '2013-01-09'), ('25823', '0', 'area=textobjectdetail&action=rule&actionsub=form&textobjectId=2378', null, null, 'webservice.rest.php', 'textobjectdetail//rule/form/', '2013-01-09'), ('25824', '0', 'area=textobjectdetail&action=update&actionsub=form&textobjectId=2378', null, null, 'webservice.rest.php', 'textobjectdetail//update/form/', '2013-01-09'), ('25825', '0', 'area=textobjectdetail&action=update&actionsub=form&textobjectId=2378', null, null, 'webservice.rest.php', 'textobjectdetail//update/form/', '2013-01-09'), ('25826', '0', 'area=textobjectdetail&action=rule&actionsub=form&textobjectId=2378', null, null, 'webservice.rest.php', 'textobjectdetail//rule/form/', '2013-01-09'), ('25827', '0', 'area=textobjectdetail&action=rule&actionsub=delete&ruleId=1508', null, null, 'webservice.rest.php', 'textobjectdetail//rule/delete/', '2013-01-09'), ('25828', '0', 'area=textobjectdetail&action=rule&actionsub=form&textobjectId=2378', null, null, 'webservice.rest.php', 'textobjectdetail//rule/form/', '2013-01-09'), ('25829', '0', 'area=textobjectdetail&action=update&actionsub=form&textobjectId=2378', null, null, 'webservice.rest.php', 'textobjectdetail//update/form/', '2013-01-09'), ('25830', '0', 'area=textobjectdetail&action=rule&actionsub=form&textobjectId=2378', null, null, 'webservice.rest.php', 'textobjectdetail//rule/form/', '2013-01-09'), ('25831', '0', 'area=textobjectdetail&action=rule&actionsub=delete&ruleId=1507', null, null, 'webservice.rest.php', 'textobjectdetail//rule/delete/', '2013-01-09'), ('25832', '0', 'area=textobjectdetail&action=rule&actionsub=form&textobjectId=2378', null, null, 'webservice.rest.php', 'textobjectdetail//rule/form/', '2013-01-09'), ('25833', '0', 'area=textobjectdetail&action=rule&actionsub=form&textobjectId=2378', null, null, 'webservice.rest.php', 'textobjectdetail//rule/form/', '2013-01-09'), ('25834', '0', 'area=textobjectdetail&action=rule&actionsub=addform&textobjectId=2378&ruleName=freerider', null, null, 'webservice.rest.php', 'textobjectdetail//rule/addform/', '2013-01-09'), ('25835', '0', 'area=textobjectdetail&action=rule&actionsub=addformsearch&textobjectId=2378&addformsearch=guest', null, null, 'webservice.rest.php', 'textobjectdetail//rule/addformsearch/', '2013-01-09'), ('25836', '0', 'area=textobjectdetail&action=rule&actionsub=insert&textobjectId=2378&ruleName=freerider&ruleUserId=3479', null, null, 'webservice.rest.php', 'textobjectdetail//rule/insert/', '2013-01-09'), ('25837', '0', 'area=textobjectdetail&action=rule&actionsub=form&textobjectId=2378', null, null, 'webservice.rest.php', 'textobjectdetail//rule/form/', '2013-01-09'), ('25838', '0', 'area=account&action=create&actionsub=&login=rene.bauer%40zhdk.ch', null, null, 'webservice.rest.php', 'account//create//', '2013-01-09'), ('25839', '0', 'area=textobjectdetail&action=rule&actionsub=form&textobjectId=2378', null, null, 'webservice.rest.php', 'textobjectdetail//rule/form/', '2013-01-09'), ('25840', '0', 'area=textobjectdetail&action=insert&actionsub=form&textobjectType=text&textobjectTypeSub=plain&textobjectRef=2378&textobjectCommentType=', null, null, 'webservice.rest.php', 'textobjectdetail//insert/form/', '2013-01-09'), ('25841', '0', 'area=textobjectdetail&action=insert&actionsub=form&textobjectType=text&textobjectTypeSub=plain&textobjectRef=2378&textobjectCommentType=', null, null, 'webservice.rest.php', 'textobjectdetail//insert/form/', '2013-01-09'), ('25842', '0', 'area=textobjectdetail&action=rule&actionsub=form&textobjectId=2378', null, null, 'webservice.rest.php', 'textobjectdetail//rule/form/', '2013-01-09'), ('25843', '0', 'area=textobjectdetail&action=rule&actionsub=form&textobjectId=2378', null, null, 'webservice.rest.php', 'textobjectdetail//rule/form/', '2013-01-09'), ('25844', '0', 'area=textobjectdetail&action=rule&actionsub=delete&ruleId=1510', null, null, 'webservice.rest.php', 'textobjectdetail//rule/delete/', '2013-01-09'), ('25845', '0', 'area=textobjectdetail&action=rule&actionsub=form&textobjectId=2378', null, null, 'webservice.rest.php', 'textobjectdetail//rule/form/', '2013-01-09'), ('25846', '0', 'area=textobjectdetail&action=rule&actionsub=addform&textobjectId=2378&ruleName=friend', null, null, 'webservice.rest.php', 'textobjectdetail//rule/addform/', '2013-01-09'), ('25847', '0', 'area=textobjectdetail&action=rule&actionsub=addformsearch&textobjectId=2378&addformsearch=regist', null, null, 'webservice.rest.php', 'textobjectdetail//rule/addformsearch/', '2013-01-09'), ('25848', '0', 'area=textobjectdetail&action=rule&actionsub=insert&textobjectId=2378&ruleName=friend&ruleUserId=3478', null, null, 'webservice.rest.php', 'textobjectdetail//rule/insert/', '2013-01-09'), ('25849', '0', 'area=textobjectdetail&action=rule&actionsub=form&textobjectId=2378', null, null, 'webservice.rest.php', 'textobjectdetail//rule/form/', '2013-01-09'), ('25850', '0', 'area=textobjectdetail&action=rule&actionsub=form&textobjectId=2378', null, null, 'webservice.rest.php', 'textobjectdetail//rule/form/', '2013-01-09'), ('25851', '0', 'area=textobjectdetail&action=rule&actionsub=form&textobjectId=2378', null, null, 'webservice.rest.php', 'textobjectdetail//rule/form/', '2013-01-09'), ('25852', '0', 'area=textobjectdetail&action=insert&actionsub=form&textobjectType=text&textobjectTypeSub=plain&textobjectRef=2378&textobjectCommentType=', null, null, 'webservice.rest.php', 'textobjectdetail//insert/form/', '2013-01-09'), ('25853', '0', 'area=textobjectdetail&action=insert&actionsub=form&textobjectType=thread&textobjectTypeSub=plain&textobjectRef=2378&textobjectCommentType=', null, null, 'webservice.rest.php', 'textobjectdetail//insert/form/', '2013-01-09'), ('25854', '0', 'area=textobjectdetail&action=insert&actionsub=&textobjectRef=2378&textobjectType=thread&textobjectTypeSub=plain&textobjectCommentType=&textobjectPositionX=50&textobjectPositionY=50&textobjectArgument=PissYou!', null, null, 'webservice.rest.php', 'textobjectdetail//insert//', '2013-01-09'), ('25855', '0', 'area=textobjectdetail&action=get&actionsub=listview&textobjectId=2380', null, null, 'webservice.rest.php', 'textobjectdetail//get/listview/', '2013-01-09'), ('25856', '0', 'area=textobjectdetail&action=insert&actionsub=form&textobjectType=text&textobjectTypeSub=plain&textobjectRef=2378&textobjectCommentType=', null, null, 'webservice.rest.php', 'textobjectdetail//insert/form/', '2013-01-09'), ('25857', '0', 'area=textobjectdetail&action=insert&actionsub=form&textobjectType=text&textobjectTypeSub=plain&textobjectRef=2378&textobjectCommentType=', null, null, 'webservice.rest.php', 'textobjectdetail//insert/form/', '2013-01-09'), ('25858', '0', 'area=textobjectdetail&action=insert&actionsub=form&textobjectType=thread&textobjectTypeSub=plain&textobjectRef=2378&textobjectCommentType=', null, null, 'webservice.rest.php', 'textobjectdetail//insert/form/', '2013-01-09'), ('25859', '0', 'area=textobjectdetail&action=insert&actionsub=&textobjectRef=2378&textobjectType=thread&textobjectTypeSub=plain&textobjectCommentType=&textobjectPositionX=50&textobjectPositionY=50&textobjectArgument=KRICK+IT!', null, null, 'webservice.rest.php', 'textobjectdetail//insert//', '2013-01-09'), ('25860', '0', 'area=textobjectdetail&action=get&actionsub=listview&textobjectId=2381', null, null, 'webservice.rest.php', 'textobjectdetail//get/listview/', '2013-01-09'), ('25861', '0', 'area=textobjectdetail&action=insert&actionsub=form&textobjectType=text&textobjectTypeSub=plain&textobjectRef=2378&textobjectCommentType=', null, null, 'webservice.rest.php', 'textobjectdetail//insert/form/', '2013-01-09'), ('25862', '0', 'area=thread&action=get&actionsub=view&textobjectId=2381', null, null, 'webservice.rest.php', 'thread//get/view/', '2013-01-09'), ('25863', '0', 'area=textobjectdetail&action=insert&actionsub=form&textobjectType=text&textobjectTypeSub=plain&textobjectRef=2381&textobjectCommentType=', null, null, 'webservice.rest.php', 'textobjectdetail//insert/form/', '2013-01-09'), ('25864', '0', 'area=textobjectdetail&action=insert&actionsub=form&textobjectType=hyperthread&textobjectTypeSub=plain&textobjectRef=2381&textobjectCommentType=', null, null, 'webservice.rest.php', 'textobjectdetail//insert/form/', '2013-01-09'), ('25865', '0', 'area=textobjectdetail&action=insert&actionsub=&textobjectRef=2381&textobjectType=hyperthread&textobjectTypeSub=plain&textobjectCommentType=&textobjectPositionX=50&textobjectPositionY=50&textobjectArgument=TETRIS', null, null, 'webservice.rest.php', 'textobjectdetail//insert//', '2013-01-09'), ('25866', '0', 'area=textobjectdetail&action=get&actionsub=listview&textobjectId=2382', null, null, 'webservice.rest.php', 'textobjectdetail//get/listview/', '2013-01-09'), ('25867', '0', 'area=textobjectdetail&action=insert&actionsub=form&textobjectType=text&textobjectTypeSub=plain&textobjectRef=2381&textobjectCommentType=', null, null, 'webservice.rest.php', 'textobjectdetail//insert/form/', '2013-01-09'), ('25868', '0', 'area=thread&action=get&actionsub=view&textobjectId=2382', null, null, 'webservice.rest.php', 'thread//get/view/', '2013-01-09'), ('25869', '0', 'area=textobjectdetail&action=rule&actionsub=form&textobjectId=2382', null, null, 'webservice.rest.php', 'textobjectdetail//rule/form/', '2013-01-09'), ('25870', '0', 'area=textobjectdetail&action=update&actionsub=form&textobjectId=2382', null, null, 'webservice.rest.php', 'textobjectdetail//update/form/', '2013-01-09'), ('25871', '0', 'area=textobjectdetail&action=rule&actionsub=form&textobjectId=2382', null, null, 'webservice.rest.php', 'textobjectdetail//rule/form/', '2013-01-09'), ('25872', '0', 'area=textobjectdetail&action=rule&actionsub=form&textobjectId=2382', null, null, 'webservice.rest.php', 'textobjectdetail//rule/form/', '2013-01-09'), ('25873', '0', 'area=textobjectdetail&action=update&actionsub=form&textobjectId=2382', null, null, 'webservice.rest.php', 'textobjectdetail//update/form/', '2013-01-09'), ('25874', '0', 'area=textobjectdetail&action=rule&actionsub=form&textobjectId=2382', null, null, 'webservice.rest.php', 'textobjectdetail//rule/form/', '2013-01-09'), ('25875', '0', 'area=textobjectdetail&action=update&actionsub=form&textobjectId=2382', null, null, 'webservice.rest.php', 'textobjectdetail//update/form/', '2013-01-09'), ('25876', '0', 'area=textobjectdetail&action=rule&actionsub=form&textobjectId=2382', null, null, 'webservice.rest.php', 'textobjectdetail//rule/form/', '2013-01-09'), ('25877', '0', 'area=textobjectdetail&action=rule&actionsub=delete&ruleId=1520', null, null, 'webservice.rest.php', 'textobjectdetail//rule/delete/', '2013-01-09'), ('25878', '0', 'area=textobjectdetail&action=rule&actionsub=form&textobjectId=2382', null, null, 'webservice.rest.php', 'textobjectdetail//rule/form/', '2013-01-09'), ('25879', '0', 'area=textobjectdetail&action=insert&actionsub=form&textobjectType=text&textobjectTypeSub=plain&textobjectRef=2382&textobjectCommentType=', null, null, 'webservice.rest.php', 'textobjectdetail//insert/form/', '2013-01-09'), ('25880', '0', 'area=textobjectdetail&action=insert&actionsub=form&textobjectType=thread&textobjectTypeSub=plain&textobjectRef=2382&textobjectCommentType=', null, null, 'webservice.rest.php', 'textobjectdetail//insert/form/', '2013-01-09'), ('25881', '0', 'area=textobjectdetail&action=insert&actionsub=&textobjectRef=2382&textobjectType=thread&textobjectTypeSub=plain&textobjectCommentType=&textobjectPositionX=50&textobjectPositionY=50&textobjectArgument=Technoparty', null, null, 'webservice.rest.php', 'textobjectdetail//insert//', '2013-01-09'), ('25882', '0', 'area=textobjectdetail&action=insert&actionsub=form&textobjectType=text&textobjectTypeSub=plain&textobjectRef=2382&textobjectCommentType=', null, null, 'webservice.rest.php', 'textobjectdetail//insert/form/', '2013-01-09'), ('25883', '0', 'area=textobjectdetail&action=get&actionsub=listview&textobjectId=2383', null, null, 'webservice.rest.php', 'textobjectdetail//get/listview/', '2013-01-09'), ('25884', '0', 'area=thread&action=get&actionsub=view&textobjectId=2383', null, null, 'webservice.rest.php', 'thread//get/view/', '2013-01-09'), ('25885', '0', 'area=thread&action=get&actionsub=view&textobjectId=2382', null, null, 'webservice.rest.php', 'thread//get/view/', '2013-01-09'), ('25886', '0', 'area=textobjectdetail&action=rule&actionsub=form&textobjectId=2382', null, null, 'webservice.rest.php', 'textobjectdetail//rule/form/', '2013-01-09'), ('25887', '0', 'area=textobjectdetail&action=update&actionsub=form&textobjectId=2382', null, null, 'webservice.rest.php', 'textobjectdetail//update/form/', '2013-01-09'), ('25888', '0', 'area=textobjectdetail&action=rule&actionsub=form&textobjectId=2382', null, null, 'webservice.rest.php', 'textobjectdetail//rule/form/', '2013-01-09'), ('25889', '0', 'area=textobjectdetail&action=update&actionsub=form&textobjectId=2382', null, null, 'webservice.rest.php', 'textobjectdetail//update/form/', '2013-01-09'), ('25890', '0', 'area=textobjectdetail&action=rule&actionsub=form&textobjectId=2382', null, null, 'webservice.rest.php', 'textobjectdetail//rule/form/', '2013-01-09'), ('25891', '0', 'area=textobjectdetail&action=update&actionsub=form&textobjectId=2382', null, null, 'webservice.rest.php', 'textobjectdetail//update/form/', '2013-01-09'), ('25892', '0', 'area=textobjectdetail&action=rule&actionsub=form&textobjectId=2382', null, null, 'webservice.rest.php', 'textobjectdetail//rule/form/', '2013-01-09'), ('25893', '0', 'area=textobjectdetail&action=update&actionsub=form&textobjectId=2382', null, null, 'webservice.rest.php', 'textobjectdetail//update/form/', '2013-01-09'), ('25894', '0', 'area=textobjectdetail&action=rule&actionsub=form&textobjectId=2382', null, null, 'webservice.rest.php', 'textobjectdetail//rule/form/', '2013-01-09'), ('25895', '0', 'area=textobjectdetail&action=rule&actionsub=form&textobjectId=2382', null, null, 'webservice.rest.php', 'textobjectdetail//rule/form/', '2013-01-09'), ('25896', '0', 'area=textobjectdetail&action=rule&actionsub=delete&ruleId=1521', null, null, 'webservice.rest.php', 'textobjectdetail//rule/delete/', '2013-01-09'), ('25897', '0', 'area=textobjectdetail&action=rule&actionsub=form&textobjectId=2382', null, null, 'webservice.rest.php', 'textobjectdetail//rule/form/', '2013-01-09'), ('25898', '0', 'area=thread&action=get&actionsub=view&textobjectId=2383', null, null, 'webservice.rest.php', 'thread//get/view/', '2013-01-09'), ('25899', '0', 'area=thread&action=get&actionsub=view&textobjectId=2382', null, null, 'webservice.rest.php', 'thread//get/view/', '2013-01-09'), ('25900', '0', 'area=textobjectdetail&action=update&actionsub=form&textobjectId=2382', null, null, 'webservice.rest.php', 'textobjectdetail//update/form/', '2013-01-09'), ('25901', '0', 'area=textobjectdetail&action=rule&actionsub=form&textobjectId=2382', null, null, 'webservice.rest.php', 'textobjectdetail//rule/form/', '2013-01-09'), ('25902', '0', 'area=thread&action=get&actionsub=view&textobjectId=2383', null, null, 'webservice.rest.php', 'thread//get/view/', '2013-01-09'), ('25903', '0', 'area=thread&action=get&actionsub=view&textobjectId=2382', null, null, 'webservice.rest.php', 'thread//get/view/', '2013-01-09'), ('25904', '0', 'area=thread&action=get&actionsub=view&textobjectId=2383', null, null, 'webservice.rest.php', 'thread//get/view/', '2013-01-09'), ('25905', '0', 'area=thread&action=get&actionsub=view&textobjectId=2382', null, null, 'webservice.rest.php', 'thread//get/view/', '2013-01-09'), ('25906', '0', 'area=thread&action=get&actionsub=view&textobjectId=2383', null, null, 'webservice.rest.php', 'thread//get/view/', '2013-01-09'), ('25907', '0', 'area=thread&action=get&actionsub=view&textobjectId=2382', null, null, 'webservice.rest.php', 'thread//get/view/', '2013-01-09'), ('25908', '0', 'area=thread&action=get&actionsub=view&textobjectId=2383', null, null, 'webservice.rest.php', 'thread//get/view/', '2013-01-09'), ('25909', '0', 'area=thread&action=get&actionsub=view&textobjectId=2382', null, null, 'webservice.rest.php', 'thread//get/view/', '2013-01-09'), ('25910', '0', 'area=thread&action=get&actionsub=view&textobjectId=2383', null, null, 'webservice.rest.php', 'thread//get/view/', '2013-01-09'), ('25911', '0', 'area=thread&action=get&actionsub=view&textobjectId=2382', null, null, 'webservice.rest.php', 'thread//get/view/', '2013-01-09'), ('25912', '0', 'area=textobjectdetail&action=rule&actionsub=form&textobjectId=2382', null, null, 'webservice.rest.php', 'textobjectdetail//rule/form/', '2013-01-09'), ('25913', '0', 'area=thread&action=get&actionsub=view&textobjectId=2383', null, null, 'webservice.rest.php', 'thread//get/view/', '2013-01-09'), ('25914', '0', 'area=textobjectdetail&action=rule&actionsub=form&textobjectId=2383', null, null, 'webservice.rest.php', 'textobjectdetail//rule/form/', '2013-01-09'), ('25915', '0', 'area=textobjectdetail&action=rule&actionsub=form&textobjectId=2383', null, null, 'webservice.rest.php', 'textobjectdetail//rule/form/', '2013-01-09'), ('25916', '0', 'area=textobjectdetail&action=rule&actionsub=form&textobjectId=2383', null, null, 'webservice.rest.php', 'textobjectdetail//rule/form/', '2013-01-09'), ('25917', '0', 'area=textobjectdetail&action=rule&actionsub=form&textobjectId=2383', null, null, 'webservice.rest.php', 'textobjectdetail//rule/form/', '2013-01-09'), ('25918', '0', 'area=textobjectdetail&action=rule&actionsub=form&textobjectId=2383', null, null, 'webservice.rest.php', 'textobjectdetail//rule/form/', '2013-01-09'), ('25919', '0', 'area=textobjectdetail&action=rule&actionsub=form&textobjectId=2383', null, null, 'webservice.rest.php', 'textobjectdetail//rule/form/', '2013-01-09'), ('25920', '0', 'area=textobjectdetail&action=rule&actionsub=form&textobjectId=2383', null, null, 'webservice.rest.php', 'textobjectdetail//rule/form/', '2013-01-09'), ('25921', '0', 'area=textobjectdetail&action=rule&actionsub=form&textobjectId=2383', null, null, 'webservice.rest.php', 'textobjectdetail//rule/form/', '2013-01-09'), ('25922', '0', 'area=textobjectdetail&action=rule&actionsub=form&textobjectId=2383', null, null, 'webservice.rest.php', 'textobjectdetail//rule/form/', '2013-01-09'), ('25923', '0', 'area=textobjectdetail&action=rule&actionsub=form&textobjectId=2383', null, null, 'webservice.rest.php', 'textobjectdetail//rule/form/', '2013-01-09'), ('25924', '0', 'area=textobjectdetail&action=rule&actionsub=form&textobjectId=2383', null, null, 'webservice.rest.php', 'textobjectdetail//rule/form/', '2013-01-09'), ('25925', '0', 'area=textobjectdetail&action=rule&actionsub=form&textobjectId=2383', null, null, 'webservice.rest.php', 'textobjectdetail//rule/form/', '2013-01-09'), ('25926', '0', 'area=textobjectdetail&action=rule&actionsub=form&textobjectId=2383', null, null, 'webservice.rest.php', 'textobjectdetail//rule/form/', '2013-01-09'), ('25927', '0', 'area=textobjectdetail&action=rule&actionsub=form&textobjectId=2383', null, null, 'webservice.rest.php', 'textobjectdetail//rule/form/', '2013-01-09'), ('25928', '0', 'area=textobjectdetail&action=rule&actionsub=form&textobjectId=2383', null, null, 'webservice.rest.php', 'textobjectdetail//rule/form/', '2013-01-09'), ('25929', '0', 'area=textobjectdetail&action=rule&actionsub=form&textobjectId=2383', null, null, 'webservice.rest.php', 'textobjectdetail//rule/form/', '2013-01-09'), ('25930', '0', 'area=textobjectdetail&action=rule&actionsub=form&textobjectId=2383', null, null, 'webservice.rest.php', 'textobjectdetail//rule/form/', '2013-01-09'), ('25931', '0', 'area=textobjectdetail&action=rule&actionsub=form&textobjectId=2383', null, null, 'webservice.rest.php', 'textobjectdetail//rule/form/', '2013-01-09'), ('25932', '0', 'area=textobjectdetail&action=rule&actionsub=form&textobjectId=2383', null, null, 'webservice.rest.php', 'textobjectdetail//rule/form/', '2013-01-09'), ('25933', '0', 'area=textobjectdetail&action=rule&actionsub=form&textobjectId=2383', null, null, 'webservice.rest.php', 'textobjectdetail//rule/form/', '2013-01-09'), ('25934', '0', 'area=textobjectdetail&action=rule&actionsub=form&textobjectId=2383', null, null, 'webservice.rest.php', 'textobjectdetail//rule/form/', '2013-01-09'), ('25935', '0', 'area=textobjectdetail&action=rule&actionsub=form&textobjectId=2383', null, null, 'webservice.rest.php', 'textobjectdetail//rule/form/', '2013-01-09'), ('25936', '0', 'area=textobjectdetail&action=rule&actionsub=form&textobjectId=2383', null, null, 'webservice.rest.php', 'textobjectdetail//rule/form/', '2013-01-09'), ('25937', '0', 'area=textobjectdetail&action=rule&actionsub=form&textobjectId=2383', null, null, 'webservice.rest.php', 'textobjectdetail//rule/form/', '2013-01-09'), ('25938', '0', 'area=textobjectdetail&action=rule&actionsub=form&textobjectId=2383', null, null, 'webservice.rest.php', 'textobjectdetail//rule/form/', '2013-01-09'), ('25939', '0', 'area=thread&action=get&actionsub=view&textobjectId=2382', null, null, 'webservice.rest.php', 'thread//get/view/', '2013-01-09'), ('25940', '0', 'area=textobjectdetail&action=rule&actionsub=form&textobjectId=2382', null, null, 'webservice.rest.php', 'textobjectdetail//rule/form/', '2013-01-09'), ('25941', '0', 'area=textobjectdetail&action=rule&actionsub=form&textobjectId=2382', null, null, 'webservice.rest.php', 'textobjectdetail//rule/form/', '2013-01-09'), ('25942', '0', 'area=textobjectdetail&action=rule&actionsub=form&textobjectId=2382', null, null, 'webservice.rest.php', 'textobjectdetail//rule/form/', '2013-01-09'), ('25943', '0', 'area=textobjectdetail&action=rule&actionsub=form&textobjectId=2382', null, null, 'webservice.rest.php', 'textobjectdetail//rule/form/', '2013-01-09'), ('25944', '0', 'area=textobjectdetail&action=rule&actionsub=form&textobjectId=2382', null, null, 'webservice.rest.php', 'textobjectdetail//rule/form/', '2013-01-09'), ('25945', '0', 'area=textobjectdetail&action=rule&actionsub=form&textobjectId=2382', null, null, 'webservice.rest.php', 'textobjectdetail//rule/form/', '2013-01-09'), ('25946', '0', 'area=textobjectdetail&action=rule&actionsub=form&textobjectId=2382', null, null, 'webservice.rest.php', 'textobjectdetail//rule/form/', '2013-01-09'), ('25947', '0', 'area=textobjectdetail&action=rule&actionsub=form&textobjectId=2382', null, null, 'webservice.rest.php', 'textobjectdetail//rule/form/', '2013-01-09'), ('25948', '0', 'area=textobjectdetail&action=rule&actionsub=form&textobjectId=2382', null, null, 'webservice.rest.php', 'textobjectdetail//rule/form/', '2013-01-09'), ('25949', '0', 'area=textobjectdetail&action=rule&actionsub=request&textobjectId=2382&ruleName=freerider', null, null, 'webservice.rest.php', 'textobjectdetail//rule/request/', '2013-01-09'), ('25950', '0', 'area=textobjectdetail&action=rule&actionsub=request&textobjectId=2382&ruleName=friend', null, null, 'webservice.rest.php', 'textobjectdetail//rule/request/', '2013-01-09'), ('25951', '0', 'area=textobjectdetail&action=rule&actionsub=request&textobjectId=2382&ruleName=friend', null, null, 'webservice.rest.php', 'textobjectdetail//rule/request/', '2013-01-09'), ('25952', '0', 'area=textobjectdetail&action=rule&actionsub=request&textobjectId=2382&ruleName=freerider', null, null, 'webservice.rest.php', 'textobjectdetail//rule/request/', '2013-01-09'), ('25953', '0', 'area=textobjectdetail&action=rule&actionsub=request&textobjectId=2382&ruleName=freerider', null, null, 'webservice.rest.php', 'textobjectdetail//rule/request/', '2013-01-09'), ('25954', '0', 'area=textobjectdetail&action=rule&actionsub=request&textobjectId=2382&ruleName=freerider', null, null, 'webservice.rest.php', 'textobjectdetail//rule/request/', '2013-01-09'), ('25955', '0', 'area=textobjectdetail&action=rule&actionsub=request&textobjectId=2382&ruleName=freerider', null, null, 'webservice.rest.php', 'textobjectdetail//rule/request/', '2013-01-09'), ('25956', '0', 'area=textobjectdetail&action=rule&actionsub=request&textobjectId=2382&ruleName=freerider', null, null, 'webservice.rest.php', 'textobjectdetail//rule/request/', '2013-01-09'), ('25957', '0', 'area=textobjectdetail&action=rule&actionsub=request&textobjectId=2382&ruleName=freerider', null, null, 'webservice.rest.php', 'textobjectdetail//rule/request/', '2013-01-09'), ('25958', '0', 'area=textobjectdetail&action=rule&actionsub=request&textobjectId=2382&ruleName=freerider', null, null, 'webservice.rest.php', 'textobjectdetail//rule/request/', '2013-01-09'), ('25959', '0', 'area=textobjectdetail&action=rule&actionsub=request&textobjectId=2382&ruleName=freerider', null, null, 'webservice.rest.php', 'textobjectdetail//rule/request/', '2013-01-09'), ('25960', '0', 'area=textobjectdetail&action=rule&actionsub=request&textobjectId=2382&ruleName=freerider', null, null, 'webservice.rest.php', 'textobjectdetail//rule/request/', '2013-01-09'), ('25961', '0', 'area=textobjectdetail&action=rule&actionsub=request&textobjectId=2382&ruleName=freerider', null, null, 'webservice.rest.php', 'textobjectdetail//rule/request/', '2013-01-09'), ('25962', '0', 'area=textobjectdetail&action=rule&actionsub=request&textobjectId=2382&ruleName=freerider', null, null, 'webservice.rest.php', 'textobjectdetail//rule/request/', '2013-01-09'), ('25963', '0', 'area=textobjectdetail&action=rule&actionsub=request&textobjectId=2382&ruleName=freerider', null, null, 'webservice.rest.php', 'textobjectdetail//rule/request/', '2013-01-09'), ('25964', '0', 'area=textobjectdetail&action=rule&actionsub=request&textobjectId=2382&ruleName=freerider', null, null, 'webservice.rest.php', 'textobjectdetail//rule/request/', '2013-01-09'), ('25965', '0', 'area=textobjectdetail&action=rule&actionsub=request&textobjectId=2382&ruleName=friend', null, null, 'webservice.rest.php', 'textobjectdetail//rule/request/', '2013-01-09'), ('25966', '0', 'area=textobjectdetail&action=rule&actionsub=request&textobjectId=2382&ruleName=freerider', null, null, 'webservice.rest.php', 'textobjectdetail//rule/request/', '2013-01-09'), ('25967', '0', 'area=textobjectdetail&action=rule&actionsub=request&textobjectId=2382&ruleName=friend', null, null, 'webservice.rest.php', 'textobjectdetail//rule/request/', '2013-01-09'), ('25968', '0', 'area=textobjectdetail&action=rule&actionsub=request&textobjectId=2382&ruleName=friend', null, null, 'webservice.rest.php', 'textobjectdetail//rule/request/', '2013-01-09'), ('25969', '0', 'area=textobjectdetail&action=rule&actionsub=request&textobjectId=2382&ruleName=freerider', null, null, 'webservice.rest.php', 'textobjectdetail//rule/request/', '2013-01-09'), ('25970', '0', 'area=textobjectdetail&action=rule&actionsub=request&textobjectId=2382&ruleName=friend', null, null, 'webservice.rest.php', 'textobjectdetail//rule/request/', '2013-01-09'), ('25971', '0', 'area=textobjectdetail&action=rule&actionsub=form&textobjectId=2382', null, null, 'webservice.rest.php', 'textobjectdetail//rule/form/', '2013-01-09'), ('25972', '0', 'area=textobjectdetail&action=update&actionsub=form&textobjectId=2382', null, null, 'webservice.rest.php', 'textobjectdetail//update/form/', '2013-01-09'), ('25973', '0', 'area=textobjectdetail&action=rule&actionsub=form&textobjectId=2382', null, null, 'webservice.rest.php', 'textobjectdetail//rule/form/', '2013-01-09'), ('25974', '0', 'area=thread&action=get&actionsub=view&textobjectId=2383', null, null, 'webservice.rest.php', 'thread//get/view/', '2013-01-09'), ('25975', '0', 'area=textobjectdetail&action=rule&actionsub=form&textobjectId=2383', null, null, 'webservice.rest.php', 'textobjectdetail//rule/form/', '2013-01-09'), ('25976', '0', 'area=thread&action=get&actionsub=view&textobjectId=2382', null, null, 'webservice.rest.php', 'thread//get/view/', '2013-01-09'), ('25977', '0', 'area=textobjectdetail&action=rule&actionsub=form&textobjectId=2382', null, null, 'webservice.rest.php', 'textobjectdetail//rule/form/', '2013-01-09'), ('25978', '0', 'area=textobjectdetail&action=rule&actionsub=form&textobjectId=2382', null, null, 'webservice.rest.php', 'textobjectdetail//rule/form/', '2013-01-09'), ('25979', '0', 'area=textobjectdetail&action=update&actionsub=form&textobjectId=2382', null, null, 'webservice.rest.php', 'textobjectdetail//update/form/', '2013-01-09'), ('25980', '0', 'area=textobjectdetail&action=rule&actionsub=form&textobjectId=2382', null, null, 'webservice.rest.php', 'textobjectdetail//rule/form/', '2013-01-09'), ('25981', '0', 'area=thread&action=get&actionsub=view&textobjectId=2383', null, null, 'webservice.rest.php', 'thread//get/view/', '2013-01-09'), ('25982', '0', 'area=textobjectdetail&action=rule&actionsub=form&textobjectId=2383', null, null, 'webservice.rest.php', 'textobjectdetail//rule/form/', '2013-01-09'), ('25983', '0', 'area=thread&action=get&actionsub=view&textobjectId=2383', null, null, 'webservice.rest.php', 'thread//get/view/', '2013-01-09'), ('25984', '0', 'area=thread&action=get&actionsub=view&textobjectId=2382', null, null, 'webservice.rest.php', 'thread//get/view/', '2013-01-09'), ('25985', '0', 'area=textobjectdetail&action=rule&actionsub=form&textobjectId=2382', null, null, 'webservice.rest.php', 'textobjectdetail//rule/form/', '2013-01-09'), ('25986', '0', 'area=textobjectdetail&action=rule&actionsub=form&textobjectId=2382', null, null, 'webservice.rest.php', 'textobjectdetail//rule/form/', '2013-01-09'), ('25987', '0', 'area=textobjectdetail&action=rule&actionsub=form&textobjectId=2382', null, null, 'webservice.rest.php', 'textobjectdetail//rule/form/', '2013-01-09'), ('25988', '0', 'area=thread&action=get&actionsub=view&textobjectId=2383', null, null, 'webservice.rest.php', 'thread//get/view/', '2013-01-09'), ('25989', '0', 'area=textobjectdetail&action=rule&actionsub=form&textobjectId=2383', null, null, 'webservice.rest.php', 'textobjectdetail//rule/form/', '2013-01-09'), ('25990', '0', 'area=thread&action=get&actionsub=view&textobjectId=2382', null, null, 'webservice.rest.php', 'thread//get/view/', '2013-01-09'), ('25991', '0', 'area=textobjectdetail&action=rule&actionsub=form&textobjectId=2382', null, null, 'webservice.rest.php', 'textobjectdetail//rule/form/', '2013-01-09'), ('25992', '0', 'area=textobjectdetail&action=rule&actionsub=request&textobjectId=2382&ruleName=freerider', null, null, 'webservice.rest.php', 'textobjectdetail//rule/request/', '2013-01-09'), ('25993', '0', 'area=textobjectdetail&action=rule&actionsub=request&textobjectId=2382&ruleName=friend', null, null, 'webservice.rest.php', 'textobjectdetail//rule/request/', '2013-01-09'), ('25994', '0', 'area=textobjectdetail&action=rule&actionsub=form&textobjectId=2382', null, null, 'webservice.rest.php', 'textobjectdetail//rule/form/', '2013-01-09'), ('25995', '0', 'area=textobjectdetail&action=rule&actionsub=addform&textobjectId=2382&ruleName=freerider', null, null, 'webservice.rest.php', 'textobjectdetail//rule/addform/', '2013-01-09'), ('25996', '0', 'area=textobjectdetail&action=rule&actionsub=addformsearch&textobjectId=2382&addformsearch=guest', null, null, 'webservice.rest.php', 'textobjectdetail//rule/addformsearch/', '2013-01-09'), ('25997', '0', 'area=textobjectdetail&action=rule&actionsub=insert&textobjectId=2382&ruleName=freerider&ruleUserId=3479', null, null, 'webservice.rest.php', 'textobjectdetail//rule/insert/', '2013-01-09'), ('25998', '0', 'area=textobjectdetail&action=rule&actionsub=form&textobjectId=2382', null, null, 'webservice.rest.php', 'textobjectdetail//rule/form/', '2013-01-09'), ('25999', '0', 'area=textobjectdetail&action=rule&actionsub=addform&textobjectId=2382&ruleName=friend', null, null, 'webservice.rest.php', 'textobjectdetail//rule/addform/', '2013-01-09'), ('26000', '0', 'area=textobjectdetail&action=rule&actionsub=addformsearch&textobjectId=2382&addformsearch=user', null, null, 'webservice.rest.php', 'textobjectdetail//rule/addformsearch/', '2013-01-09'), ('26001', '0', 'area=textobjectdetail&action=rule&actionsub=insert&textobjectId=2382&ruleName=friend&ruleUserId=3478', null, null, 'webservice.rest.php', 'textobjectdetail//rule/insert/', '2013-01-09'), ('26002', '0', 'area=textobjectdetail&action=rule&actionsub=form&textobjectId=2382', null, null, 'webservice.rest.php', 'textobjectdetail//rule/form/', '2013-01-09'), ('26003', '0', 'area=textobjectdetail&action=rule&actionsub=addform&textobjectId=2382&ruleName=freerider', null, null, 'webservice.rest.php', 'textobjectdetail//rule/addform/', '2013-01-09'), ('26004', '0', 'area=textobjectdetail&action=rule&actionsub=addformsearch&textobjectId=2382&addformsearch=abc', null, null, 'webservice.rest.php', 'textobjectdetail//rule/addformsearch/', '2013-01-09'), ('26005', '0', 'area=textobjectdetail&action=rule&actionsub=insert&textobjectId=2382&ruleName=freerider&ruleUserId=3481', null, null, 'webservice.rest.php', 'textobjectdetail//rule/insert/', '2013-01-09'), ('26006', '0', 'area=textobjectdetail&action=rule&actionsub=form&textobjectId=2382', null, null, 'webservice.rest.php', 'textobjectdetail//rule/form/', '2013-01-09'), ('26007', '0', 'area=textobjectdetail&action=update&actionsub=form&textobjectId=2382', null, null, 'webservice.rest.php', 'textobjectdetail//update/form/', '2013-01-09'), ('26008', '0', 'area=textobjectdetail&action=rule&actionsub=form&textobjectId=2382', null, null, 'webservice.rest.php', 'textobjectdetail//rule/form/', '2013-01-09'), ('26009', '0', 'area=textobjectdetail&action=rule&actionsub=addform&textobjectId=2382&ruleName=freerider', null, null, 'webservice.rest.php', 'textobjectdetail//rule/addform/', '2013-01-09'), ('26010', '0', 'area=textobjectdetail&action=rule&actionsub=addformsearch&textobjectId=2382&addformsearch=guest', null, null, 'webservice.rest.php', 'textobjectdetail//rule/addformsearch/', '2013-01-09'), ('26011', '0', 'area=textobjectdetail&action=rule&actionsub=insert&textobjectId=2382&ruleName=freerider&ruleUserId=3479', null, null, 'webservice.rest.php', 'textobjectdetail//rule/insert/', '2013-01-09'), ('26012', '0', 'area=textobjectdetail&action=rule&actionsub=form&textobjectId=2382', null, null, 'webservice.rest.php', 'textobjectdetail//rule/form/', '2013-01-09'), ('26013', '0', 'area=textobjectdetail&action=rule&actionsub=form&textobjectId=2382', null, null, 'webservice.rest.php', 'textobjectdetail//rule/form/', '2013-01-09'), ('26014', '0', 'area=textobjectdetail&action=update&actionsub=form&textobjectId=2382', null, null, 'webservice.rest.php', 'textobjectdetail//update/form/', '2013-01-09'), ('26015', '0', 'area=textobjectdetail&action=rule&actionsub=form&textobjectId=2382', null, null, 'webservice.rest.php', 'textobjectdetail//rule/form/', '2013-01-09'), ('26016', '0', 'area=textobjectdetail&action=rule&actionsub=insert&textobjectId=2382&ruleName=freerider&ruleUserId=3479', null, null, 'webservice.rest.php', 'textobjectdetail//rule/insert/', '2013-01-09'), ('26017', '0', 'area=textobjectdetail&action=rule&actionsub=insert&textobjectId=2382&ruleName=freerider&ruleUserId=3479', null, null, 'webservice.rest.php', 'textobjectdetail//rule/insert/', '2013-01-09'), ('26018', '0', 'area=textobjectdetail&action=rule&actionsub=form&textobjectId=2382', null, null, 'webservice.rest.php', 'textobjectdetail//rule/form/', '2013-01-09'), ('26019', '0', 'area=textobjectdetail&action=rule&actionsub=form&textobjectId=2382', null, null, 'webservice.rest.php', 'textobjectdetail//rule/form/', '2013-01-09'), ('26020', '0', 'area=textobjectdetail&action=rule&actionsub=form&textobjectId=2382', null, null, 'webservice.rest.php', 'textobjectdetail//rule/form/', '2013-01-09'), ('26021', '0', 'area=textobjectdetail&action=rule&actionsub=form&textobjectId=2382', null, null, 'webservice.rest.php', 'textobjectdetail//rule/form/', '2013-01-09'), ('26022', '0', 'area=textobjectdetail&action=rule&actionsub=form&textobjectId=2382', null, null, 'webservice.rest.php', 'textobjectdetail//rule/form/', '2013-01-09'), ('26023', '0', 'area=textobjectdetail&action=rule&actionsub=form&textobjectId=2382', null, null, 'webservice.rest.php', 'textobjectdetail//rule/form/', '2013-01-09'), ('26024', '0', 'area=textobjectdetail&action=rule&actionsub=form&textobjectId=2382', null, null, 'webservice.rest.php', 'textobjectdetail//rule/form/', '2013-01-09'), ('26025', '0', 'area=textobjectdetail&action=update&actionsub=form&textobjectId=2382', null, null, 'webservice.rest.php', 'textobjectdetail//update/form/', '2013-01-09'), ('26026', '0', 'area=textobjectdetail&action=rule&actionsub=form&textobjectId=2382', null, null, 'webservice.rest.php', 'textobjectdetail//rule/form/', '2013-01-09'), ('26027', '0', 'area=textobjectdetail&action=rule&actionsub=form&textobjectId=2382', null, null, 'webservice.rest.php', 'textobjectdetail//rule/form/', '2013-01-09'), ('26028', '0', 'area=textobjectdetail&action=rule&actionsub=form&textobjectId=2382', null, null, 'webservice.rest.php', 'textobjectdetail//rule/form/', '2013-01-09'), ('26029', '0', 'area=textobjectdetail&action=rule&actionsub=form&textobjectId=2382', null, null, 'webservice.rest.php', 'textobjectdetail//rule/form/', '2013-01-09'), ('26030', '0', 'area=textobjectdetail&action=rule&actionsub=form&textobjectId=2382', null, null, 'webservice.rest.php', 'textobjectdetail//rule/form/', '2013-01-09'), ('26031', '0', 'area=textobjectdetail&action=insert&actionsub=form&textobjectType=text&textobjectTypeSub=plain&textobjectRef=2382&textobjectCommentType=', null, null, 'webservice.rest.php', 'textobjectdetail//insert/form/', '2013-01-09'), ('26032', '0', 'area=textobjectdetail&action=insert&actionsub=form&textobjectType=text&textobjectTypeSub=plain&textobjectRef=2382&textobjectCommentType=', null, null, 'webservice.rest.php', 'textobjectdetail//insert/form/', '2013-01-09'), ('26033', '0', 'area=textobjectdetail&action=insert&actionsub=form&textobjectType=hyperthread&textobjectTypeSub=plain&textobjectRef=2382&textobjectCommentType=', null, null, 'webservice.rest.php', 'textobjectdetail//insert/form/', '2013-01-09'), ('26034', '0', 'area=textobjectdetail&action=insert&actionsub=&textobjectRef=2382&textobjectType=hyperthread&textobjectTypeSub=plain&textobjectCommentType=&textobjectPositionX=50&textobjectPositionY=50&textobjectArgument=TERROR', null, null, 'webservice.rest.php', 'textobjectdetail//insert//', '2013-01-09'), ('26035', '0', 'area=textobjectdetail&action=get&actionsub=listview&textobjectId=2384', null, null, 'webservice.rest.php', 'textobjectdetail//get/listview/', '2013-01-09'), ('26036', '0', 'area=textobjectdetail&action=insert&actionsub=form&textobjectType=text&textobjectTypeSub=plain&textobjectRef=2382&textobjectCommentType=', null, null, 'webservice.rest.php', 'textobjectdetail//insert/form/', '2013-01-09'), ('26037', '0', 'area=thread&action=get&actionsub=view&textobjectId=2384', null, null, 'webservice.rest.php', 'thread//get/view/', '2013-01-09'), ('26038', '0', 'area=textobjectdetail&action=insert&actionsub=form&textobjectType=text&textobjectTypeSub=plain&textobjectRef=2384&textobjectCommentType=', null, null, 'webservice.rest.php', 'textobjectdetail//insert/form/', '2013-01-09'), ('26039', '0', 'area=textobjectdetail&action=insert&actionsub=form&textobjectType=thread&textobjectTypeSub=plain&textobjectRef=2384&textobjectCommentType=', null, null, 'webservice.rest.php', 'textobjectdetail//insert/form/', '2013-01-09'), ('26040', '0', 'area=textobjectdetail&action=insert&actionsub=&textobjectRef=2384&textobjectType=thread&textobjectTypeSub=plain&textobjectCommentType=&textobjectPositionX=50&textobjectPositionY=50&textobjectArgument=KICKOFF', null, null, 'webservice.rest.php', 'textobjectdetail//insert//', '2013-01-09'), ('26041', '0', 'area=textobjectdetail&action=get&actionsub=listview&textobjectId=2385', null, null, 'webservice.rest.php', 'textobjectdetail//get/listview/', '2013-01-09'), ('26042', '0', 'area=textobjectdetail&action=insert&actionsub=form&textobjectType=text&textobjectTypeSub=plain&textobjectRef=2384&textobjectCommentType=', null, null, 'webservice.rest.php', 'textobjectdetail//insert/form/', '2013-01-09'), ('26043', '0', 'area=textobjectdetail&action=update&actionsub=form&textobjectId=2384', null, null, 'webservice.rest.php', 'textobjectdetail//update/form/', '2013-01-09'), ('26044', '0', 'area=textobjectdetail&action=rule&actionsub=form&textobjectId=2384', null, null, 'webservice.rest.php', 'textobjectdetail//rule/form/', '2013-01-09'), ('26045', '0', 'area=textobjectdetail&action=rule&actionsub=delete&ruleId=1543', null, null, 'webservice.rest.php', 'textobjectdetail//rule/delete/', '2013-01-09'), ('26046', '0', 'area=textobjectdetail&action=rule&actionsub=form&textobjectId=2384', null, null, 'webservice.rest.php', 'textobjectdetail//rule/form/', '2013-01-09'), ('26047', '0', 'area=textobjectdetail&action=rule&actionsub=form&textobjectId=2384', null, null, 'webservice.rest.php', 'textobjectdetail//rule/form/', '2013-01-09'), ('26048', '0', 'area=textobjectdetail&action=rule&actionsub=delete&ruleId=1544', null, null, 'webservice.rest.php', 'textobjectdetail//rule/delete/', '2013-01-09'), ('26049', '0', 'area=textobjectdetail&action=rule&actionsub=request&textobjectId=2384&ruleName=freerider', null, null, 'webservice.rest.php', 'textobjectdetail//rule/request/', '2013-01-09'), ('26050', '0', 'area=textobjectdetail&action=rule&actionsub=request&textobjectId=2384&ruleName=friend', null, null, 'webservice.rest.php', 'textobjectdetail//rule/request/', '2013-01-09'), ('26051', '0', 'area=textobjectdetail&action=rule&actionsub=form&textobjectId=2384', null, null, 'webservice.rest.php', 'textobjectdetail//rule/form/', '2013-01-09'), ('26052', '0', 'area=textobjectdetail&action=rule&actionsub=form&textobjectId=2384', null, null, 'webservice.rest.php', 'textobjectdetail//rule/form/', '2013-01-09'), ('26053', '0', 'area=textobjectdetail&action=rule&actionsub=form&textobjectId=2384', null, null, 'webservice.rest.php', 'textobjectdetail//rule/form/', '2013-01-09'), ('26054', '0', 'area=textobjectdetail&action=rule&actionsub=form&textobjectId=2384', null, null, 'webservice.rest.php', 'textobjectdetail//rule/form/', '2013-01-09'), ('26055', '0', 'area=textobjectdetail&action=rule&actionsub=form&textobjectId=2384', null, null, 'webservice.rest.php', 'textobjectdetail//rule/form/', '2013-01-09'), ('26056', '0', 'area=textobjectdetail&action=rule&actionsub=form&textobjectId=2384', null, null, 'webservice.rest.php', 'textobjectdetail//rule/form/', '2013-01-09'), ('26057', '0', 'area=textobjectdetail&action=rule&actionsub=form&textobjectId=2384', null, null, 'webservice.rest.php', 'textobjectdetail//rule/form/', '2013-01-09'), ('26058', '0', 'area=textobjectdetail&action=rule&actionsub=form&textobjectId=2384', null, null, 'webservice.rest.php', 'textobjectdetail//rule/form/', '2013-01-09'), ('26059', '0', 'area=textobjectdetail&action=rule&actionsub=form&textobjectId=2384', null, null, 'webservice.rest.php', 'textobjectdetail//rule/form/', '2013-01-09'), ('26060', '0', 'area=textobjectdetail&action=rule&actionsub=form&textobjectId=2384', null, null, 'webservice.rest.php', 'textobjectdetail//rule/form/', '2013-01-09'), ('26061', '0', 'area=textobjectdetail&action=rule&actionsub=form&textobjectId=2384', null, null, 'webservice.rest.php', 'textobjectdetail//rule/form/', '2013-01-09'), ('26062', '0', 'area=textobjectdetail&action=rule&actionsub=form&textobjectId=2384', null, null, 'webservice.rest.php', 'textobjectdetail//rule/form/', '2013-01-09'), ('26063', '0', 'area=textobjectdetail&action=rule&actionsub=form&textobjectId=2384', null, null, 'webservice.rest.php', 'textobjectdetail//rule/form/', '2013-01-09'), ('26064', '0', 'area=textobjectdetail&action=rule&actionsub=form&textobjectId=2384', null, null, 'webservice.rest.php', 'textobjectdetail//rule/form/', '2013-01-09'), ('26065', '0', 'area=thread&action=get&actionsub=view&textobjectId=2385', null, null, 'webservice.rest.php', 'thread//get/view/', '2013-01-09'), ('26066', '0', 'area=textobjectdetail&action=rule&actionsub=form&textobjectId=2385', null, null, 'webservice.rest.php', 'textobjectdetail//rule/form/', '2013-01-09'), ('26067', '0', 'area=textobjectdetail&action=update&actionsub=form&textobjectId=2385', null, null, 'webservice.rest.php', 'textobjectdetail//update/form/', '2013-01-09'), ('26068', '0', 'area=textobjectdetail&action=rule&actionsub=form&textobjectId=2385', null, null, 'webservice.rest.php', 'textobjectdetail//rule/form/', '2013-01-09'), ('26069', '0', 'area=thread&action=get&actionsub=view&textobjectId=2384', null, null, 'webservice.rest.php', 'thread//get/view/', '2013-01-09'), ('26070', '0', 'area=textobjectdetail&action=rule&actionsub=form&textobjectId=2384', null, null, 'webservice.rest.php', 'textobjectdetail//rule/form/', '2013-01-09'), ('26071', '0', 'area=textobjectdetail&action=rule&actionsub=addform&textobjectId=2384&ruleName=friend', null, null, 'webservice.rest.php', 'textobjectdetail//rule/addform/', '2013-01-09'), ('26072', '0', 'area=textobjectdetail&action=rule&actionsub=addform&textobjectId=2384&ruleName=freerider', null, null, 'webservice.rest.php', 'textobjectdetail//rule/addform/', '2013-01-09'), ('26073', '0', 'area=textobjectdetail&action=rule&actionsub=addformsearch&textobjectId=2384&addformsearch=rene', null, null, 'webservice.rest.php', 'textobjectdetail//rule/addformsearch/', '2013-01-09'), ('26074', '0', 'area=textobjectdetail&action=rule&actionsub=insert&textobjectId=2384&ruleName=freerider&ruleUserId=3482', null, null, 'webservice.rest.php', 'textobjectdetail//rule/insert/', '2013-01-09'), ('26075', '0', 'area=textobjectdetail&action=rule&actionsub=form&textobjectId=2384', null, null, 'webservice.rest.php', 'textobjectdetail//rule/form/', '2013-01-09'), ('26076', '0', 'area=thread&action=get&actionsub=view&textobjectId=2385', null, null, 'webservice.rest.php', 'thread//get/view/', '2013-01-09'), ('26077', '0', 'area=textobjectdetail&action=insert&actionsub=form&textobjectType=text&textobjectTypeSub=plain&textobjectRef=2385&textobjectCommentType=', null, null, 'webservice.rest.php', 'textobjectdetail//insert/form/', '2013-01-09'), ('26078', '0', 'area=textobjectdetail&action=insert&actionsub=&textobjectRef=2385&textobjectType=text&textobjectTypeSub=plain&textobjectCommentType=&textobjectPositionX=50&textobjectPositionY=50&textobjectArgument=technologie!!!', null, null, 'webservice.rest.php', 'textobjectdetail//insert//', '2013-01-09'), ('26079', '0', 'area=textobjectdetail&action=insert&actionsub=form&textobjectType=text&textobjectTypeSub=plain&textobjectRef=2385&textobjectCommentType=', null, null, 'webservice.rest.php', 'textobjectdetail//insert/form/', '2013-01-09'), ('26080', '0', 'area=textobjectdetail&action=get&actionsub=listview&textobjectId=2386', null, null, 'webservice.rest.php', 'textobjectdetail//get/listview/', '2013-01-09'), ('26081', '0', 'area=thread&action=get&actionsub=view&textobjectId=2384', null, null, 'webservice.rest.php', 'thread//get/view/', '2013-01-09'), ('26082', '0', 'area=textobjectdetail&action=rule&actionsub=form&textobjectId=2384', null, null, 'webservice.rest.php', 'textobjectdetail//rule/form/', '2013-01-09'), ('26083', '0', 'area=textobjectdetail&action=update&actionsub=form&textobjectId=2384', null, null, 'webservice.rest.php', 'textobjectdetail//update/form/', '2013-01-09'), ('26084', '0', 'area=textobjectdetail&action=rule&actionsub=form&textobjectId=2384', null, null, 'webservice.rest.php', 'textobjectdetail//rule/form/', '2013-01-09'), ('26085', '0', 'area=textobjectdetail&action=rule&actionsub=addform&textobjectId=2384&ruleName=friend', null, null, 'webservice.rest.php', 'textobjectdetail//rule/addform/', '2013-01-09'), ('26086', '0', 'area=textobjectdetail&action=rule&actionsub=addformsearch&textobjectId=2384&addformsearch=registrated', null, null, 'webservice.rest.php', 'textobjectdetail//rule/addformsearch/', '2013-01-09'), ('26087', '0', 'area=textobjectdetail&action=rule&actionsub=insert&textobjectId=2384&ruleName=friend&ruleUserId=3478', null, null, 'webservice.rest.php', 'textobjectdetail//rule/insert/', '2013-01-09'), ('26088', '0', 'area=textobjectdetail&action=rule&actionsub=form&textobjectId=2384', null, null, 'webservice.rest.php', 'textobjectdetail//rule/form/', '2013-01-09'), ('26089', '0', 'area=textobjectdetail&action=insert&actionsub=form&textobjectType=text&textobjectTypeSub=plain&textobjectRef=2384&textobjectCommentType=', null, null, 'webservice.rest.php', 'textobjectdetail//insert/form/', '2013-01-09'), ('26090', '0', 'area=textobjectdetail&action=insert&actionsub=&textobjectRef=2384&textobjectType=text&textobjectTypeSub=plain&textobjectCommentType=&textobjectPositionX=50&textobjectPositionY=50&textobjectArgument=abcc', null, null, 'webservice.rest.php', 'textobjectdetail//insert//', '2013-01-09'), ('26091', '0', 'area=textobjectdetail&action=insert&actionsub=form&textobjectType=text&textobjectTypeSub=plain&textobjectRef=2384&textobjectCommentType=', null, null, 'webservice.rest.php', 'textobjectdetail//insert/form/', '2013-01-09'), ('26092', '0', 'area=textobjectdetail&action=get&actionsub=listview&textobjectId=2387', null, null, 'webservice.rest.php', 'textobjectdetail//get/listview/', '2013-01-09'), ('26093', '0', 'area=textobjectdetail&action=insert&actionsub=form&textobjectType=text&textobjectTypeSub=plain&textobjectRef=2384&textobjectCommentType=', null, null, 'webservice.rest.php', 'textobjectdetail//insert/form/', '2013-01-09'), ('26094', '0', 'area=textobjectdetail&action=insert&actionsub=&textobjectRef=2384&textobjectType=text&textobjectTypeSub=plain&textobjectCommentType=&textobjectPositionX=50&textobjectPositionY=50&textobjectArgument=wow!', null, null, 'webservice.rest.php', 'textobjectdetail//insert//', '2013-01-09'), ('26095', '0', 'area=textobjectdetail&action=get&actionsub=listview&textobjectId=2388', null, null, 'webservice.rest.php', 'textobjectdetail//get/listview/', '2013-01-09'), ('26096', '0', 'area=textobjectdetail&action=insert&actionsub=form&textobjectType=text&textobjectTypeSub=plain&textobjectRef=2384&textobjectCommentType=', null, null, 'webservice.rest.php', 'textobjectdetail//insert/form/', '2013-01-09'), ('26097', '0', 'area=textobjectdetail&action=rule&actionsub=form&textobjectId=2384', null, null, 'webservice.rest.php', 'textobjectdetail//rule/form/', '2013-01-09'), ('26098', '0', 'area=textobjectdetail&action=rule&actionsub=delete&ruleId=1549', null, null, 'webservice.rest.php', 'textobjectdetail//rule/delete/', '2013-01-09'), ('26099', '0', 'area=textobjectdetail&action=rule&actionsub=form&textobjectId=2384', null, null, 'webservice.rest.php', 'textobjectdetail//rule/form/', '2013-01-09'), ('26100', '0', 'area=textobjectdetail&action=insert&actionsub=form&textobjectType=text&textobjectTypeSub=plain&textobjectRef=2384&textobjectCommentType=', null, null, 'webservice.rest.php', 'textobjectdetail//insert/form/', '2013-01-09'), ('26101', '0', 'area=textobjectdetail&action=insert&actionsub=form&textobjectType=text&textobjectTypeSub=plain&textobjectRef=2384&textobjectCommentType=', null, null, 'webservice.rest.php', 'textobjectdetail//insert/form/', '2013-01-09'), ('26102', '0', 'area=thread&action=get&actionsub=view&textobjectId=2383', null, null, 'webservice.rest.php', 'thread//get/view/', '2013-01-09'), ('26103', '0', 'area=thread&action=get&actionsub=view&textobjectId=2384', null, null, 'webservice.rest.php', 'thread//get/view/', '2013-01-09'), ('26104', '0', 'area=thread&action=get&actionsub=view&textobjectId=2385', null, null, 'webservice.rest.php', 'thread//get/view/', '2013-01-09'), ('26105', '0', 'area=thread&action=get&actionsub=view&textobjectId=2384', null, null, 'webservice.rest.php', 'thread//get/view/', '2013-01-09'), ('26106', '0', 'area=textobjectdetail&action=insert&actionsub=form&textobjectType=text&textobjectTypeSub=plain&textobjectRef=2387&textobjectCommentType=', null, null, 'webservice.rest.php', 'textobjectdetail//insert/form/', '2013-01-09'), ('26107', '0', 'area=textobjectdetail&action=insert&actionsub=&textobjectRef=2387&textobjectType=text&textobjectTypeSub=plain&textobjectCommentType=&textobjectPositionX=50&textobjectPositionY=50&textobjectArgument=der+terror!', null, null, 'webservice.rest.php', 'textobjectdetail//insert//', '2013-01-09'), ('26108', '0', 'area=textobjectdetail&action=get&actionsub=listview&textobjectId=2389', null, null, 'webservice.rest.php', 'textobjectdetail//get/listview/', '2013-01-09'), ('26109', '0', 'area=textobjectdetail&action=insert&actionsub=form&textobjectType=text&textobjectTypeSub=plain&textobjectRef=2387&textobjectCommentType=', null, null, 'webservice.rest.php', 'textobjectdetail//insert/form/', '2013-01-09'), ('26110', '0', 'area=textobjectdetail&action=rule&actionsub=form&textobjectId=2387', null, null, 'webservice.rest.php', 'textobjectdetail//rule/form/', '2013-01-09'), ('26111', '0', 'area=textobjectdetail&action=rule&actionsub=form&textobjectId=2384', null, null, 'webservice.rest.php', 'textobjectdetail//rule/form/', '2013-01-09'), ('26112', '0', 'area=textobjectdetail&action=insert&actionsub=form&textobjectType=text&textobjectTypeSub=plain&textobjectRef=2384&textobjectCommentType=', null, null, 'webservice.rest.php', 'textobjectdetail//insert/form/', '2013-01-09'), ('26113', '0', 'area=textobjectdetail&action=insert&actionsub=form&textobjectType=thread&textobjectTypeSub=plain&textobjectRef=2384&textobjectCommentType=', null, null, 'webservice.rest.php', 'textobjectdetail//insert/form/', '2013-01-09'), ('26114', '0', 'area=textobjectdetail&action=insert&actionsub=form&textobjectType=hyperthread&textobjectTypeSub=plain&textobjectRef=2384&textobjectCommentType=', null, null, 'webservice.rest.php', 'textobjectdetail//insert/form/', '2013-01-09'), ('26115', '0', 'area=textobjectdetail&action=insert&actionsub=&textobjectRef=2384&textobjectType=hyperthread&textobjectTypeSub=plain&textobjectCommentType=&textobjectPositionX=50&textobjectPositionY=50&textobjectArgument=Technoparty', null, null, 'webservice.rest.php', 'textobjectdetail//insert//', '2013-01-09'), ('26116', '0', 'area=textobjectdetail&action=get&actionsub=listview&textobjectId=2390', null, null, 'webservice.rest.php', 'textobjectdetail//get/listview/', '2013-01-09'), ('26117', '0', 'area=textobjectdetail&action=insert&actionsub=form&textobjectType=text&textobjectTypeSub=plain&textobjectRef=2384&textobjectCommentType=', null, null, 'webservice.rest.php', 'textobjectdetail//insert/form/', '2013-01-09'), ('26118', '0', 'area=thread&action=get&actionsub=view&textobjectId=2390', null, null, 'webservice.rest.php', 'thread//get/view/', '2013-01-09'), ('26119', '0', 'area=textobjectdetail&action=rule&actionsub=form&textobjectId=2390', null, null, 'webservice.rest.php', 'textobjectdetail//rule/form/', '2013-01-09'), ('26120', '0', 'area=textobjectdetail&action=rule&actionsub=delete&ruleId=1556', null, null, 'webservice.rest.php', 'textobjectdetail//rule/delete/', '2013-01-09'), ('26121', '0', 'area=textobjectdetail&action=rule&actionsub=form&textobjectId=2390', null, null, 'webservice.rest.php', 'textobjectdetail//rule/form/', '2013-01-09'), ('26122', '0', 'area=textobjectdetail&action=update&actionsub=form&textobjectId=2390', null, null, 'webservice.rest.php', 'textobjectdetail//update/form/', '2013-01-09'), ('26123', '0', 'area=textobjectdetail&action=rule&actionsub=form&textobjectId=2390', null, null, 'webservice.rest.php', 'textobjectdetail//rule/form/', '2013-01-09'), ('26124', '0', 'area=textobjectdetail&action=rule&actionsub=delete&ruleId=1558', null, null, 'webservice.rest.php', 'textobjectdetail//rule/delete/', '2013-01-09'), ('26125', '0', 'area=textobjectdetail&action=rule&actionsub=form&textobjectId=2390', null, null, 'webservice.rest.php', 'textobjectdetail//rule/form/', '2013-01-09'), ('26126', '0', 'area=textobjectdetail&action=rule&actionsub=form&textobjectId=2390', null, null, 'webservice.rest.php', 'textobjectdetail//rule/form/', '2013-01-09'), ('26127', '0', 'area=textobjectdetail&action=rule&actionsub=delete&ruleId=1557', null, null, 'webservice.rest.php', 'textobjectdetail//rule/delete/', '2013-01-09'), ('26128', '0', 'area=textobjectdetail&action=rule&actionsub=form&textobjectId=2390', null, null, 'webservice.rest.php', 'textobjectdetail//rule/form/', '2013-01-09'), ('26129', '0', 'area=textobjectdetail&action=rule&actionsub=addform&textobjectId=2390&ruleName=freerider', null, null, 'webservice.rest.php', 'textobjectdetail//rule/addform/', '2013-01-09'), ('26130', '0', 'area=textobjectdetail&action=rule&actionsub=addformsearch&textobjectId=2390&addformsearch=guest', null, null, 'webservice.rest.php', 'textobjectdetail//rule/addformsearch/', '2013-01-09'), ('26131', '0', 'area=textobjectdetail&action=rule&actionsub=insert&textobjectId=2390&ruleName=freerider&ruleUserId=3479', null, null, 'webservice.rest.php', 'textobjectdetail//rule/insert/', '2013-01-09'), ('26132', '0', 'area=textobjectdetail&action=rule&actionsub=form&textobjectId=2390', null, null, 'webservice.rest.php', 'textobjectdetail//rule/form/', '2013-01-09'), ('26133', '0', 'area=textobjectdetail&action=rule&actionsub=form&textobjectId=2390', null, null, 'webservice.rest.php', 'textobjectdetail//rule/form/', '2013-01-09'), ('26134', '0', 'area=textobjectdetail&action=rule&actionsub=form&textobjectId=2390', null, null, 'webservice.rest.php', 'textobjectdetail//rule/form/', '2013-01-09'), ('26135', '0', 'area=textobjectdetail&action=rule&actionsub=form&textobjectId=2390', null, null, 'webservice.rest.php', 'textobjectdetail//rule/form/', '2013-01-09'), ('26136', '0', 'area=textobjectdetail&action=rule&actionsub=form&textobjectId=2390', null, null, 'webservice.rest.php', 'textobjectdetail//rule/form/', '2013-01-09'), ('26137', '0', 'area=textobjectdetail&action=rule&actionsub=form&textobjectId=2390', null, null, 'webservice.rest.php', 'textobjectdetail//rule/form/', '2013-01-09'), ('26138', '0', 'area=textobjectdetail&action=rule&actionsub=form&textobjectId=2390', null, null, 'webservice.rest.php', 'textobjectdetail//rule/form/', '2013-01-09'), ('26139', '0', 'area=textobjectdetail&action=rule&actionsub=form&textobjectId=2390', null, null, 'webservice.rest.php', 'textobjectdetail//rule/form/', '2013-01-09'), ('26140', '0', 'area=textobjectdetail&action=rule&actionsub=form&textobjectId=2390', null, null, 'webservice.rest.php', 'textobjectdetail//rule/form/', '2013-01-09'), ('26141', '0', 'area=textobjectdetail&action=rule&actionsub=form&textobjectId=2390', null, null, 'webservice.rest.php', 'textobjectdetail//rule/form/', '2013-01-09'), ('26142', '0', 'area=textobjectdetail&action=rule&actionsub=delete&ruleId=1559', null, null, 'webservice.rest.php', 'textobjectdetail//rule/delete/', '2013-01-09'), ('26143', '0', 'area=textobjectdetail&action=rule&actionsub=form&textobjectId=2390', null, null, 'webservice.rest.php', 'textobjectdetail//rule/form/', '2013-01-09'), ('26144', '0', 'area=textobjectdetail&action=rule&actionsub=addform&textobjectId=2390&ruleName=friend', null, null, 'webservice.rest.php', 'textobjectdetail//rule/addform/', '2013-01-09'), ('26145', '0', 'area=textobjectdetail&action=rule&actionsub=addformsearch&textobjectId=2390&addformsearch=registrated', null, null, 'webservice.rest.php', 'textobjectdetail//rule/addformsearch/', '2013-01-09'), ('26146', '0', 'area=textobjectdetail&action=rule&actionsub=insert&textobjectId=2390&ruleName=friend&ruleUserId=3478', null, null, 'webservice.rest.php', 'textobjectdetail//rule/insert/', '2013-01-09'), ('26147', '0', 'area=textobjectdetail&action=rule&actionsub=form&textobjectId=2390', null, null, 'webservice.rest.php', 'textobjectdetail//rule/form/', '2013-01-09'), ('26148', '0', 'area=textobjectdetail&action=rule&actionsub=form&textobjectId=2390', null, null, 'webservice.rest.php', 'textobjectdetail//rule/form/', '2013-01-09'), ('26149', '0', 'area=textobjectdetail&action=rule&actionsub=form&textobjectId=2390', null, null, 'webservice.rest.php', 'textobjectdetail//rule/form/', '2013-01-09'), ('26150', '0', 'area=textobjectdetail&action=rule&actionsub=form&textobjectId=2390', null, null, 'webservice.rest.php', 'textobjectdetail//rule/form/', '2013-01-09'), ('26151', '0', 'area=textobjectdetail&action=rule&actionsub=form&textobjectId=2390', null, null, 'webservice.rest.php', 'textobjectdetail//rule/form/', '2013-01-09'), ('26152', '0', 'area=textobjectdetail&action=update&actionsub=form&textobjectId=2370', null, null, 'webservice.rest.php', 'textobjectdetail//update/form/', '2013-01-09'), ('26153', '0', 'area=textobjectdetail&action=rule&actionsub=form&textobjectId=2370', null, null, 'webservice.rest.php', 'textobjectdetail//rule/form/', '2013-01-09'), ('26154', '0', 'area=textobjectdetail&action=rule&actionsub=form&textobjectId=2370', null, null, 'webservice.rest.php', 'textobjectdetail//rule/form/', '2013-01-09'), ('26155', '0', 'area=textobjectdetail&action=update&actionsub=form&textobjectId=2370', null, null, 'webservice.rest.php', 'textobjectdetail//update/form/', '2013-01-09');
INSERT INTO `Log` VALUES ('26156', '0', 'area=textobjectdetail&action=rule&actionsub=form&textobjectId=2370', null, null, 'webservice.rest.php', 'textobjectdetail//rule/form/', '2013-01-09'), ('26157', '0', 'area=textobjectdetail&action=insert&actionsub=form&textobjectType=text&textobjectTypeSub=plain&textobjectRef=2390&textobjectCommentType=', null, null, 'webservice.rest.php', 'textobjectdetail//insert/form/', '2013-01-09'), ('26158', '0', 'area=textobjectdetail&action=insert&actionsub=&textobjectRef=2390&textobjectType=image&textobjectTypeSub=png&textobjectCommentType=&textobjectArgument=', null, null, 'webservice.rest.php', 'textobjectdetail//insert//', '2013-01-09'), ('26159', '0', 'area=textobjectdetail&action=get&actionsub=listview&textobjectId=2391', null, null, 'webservice.rest.php', 'textobjectdetail//get/listview/', '2013-01-09'), ('26160', '0', 'area=textobjectdetail&action=update&actionsub=document&textobjectId=2391', null, null, 'webservice.rest.php', 'textobjectdetail//update/document/', '2013-01-09'), ('26161', '0', 'area=textobjectdetail&action=get&actionsub=document&textobjectId=2391', null, null, 'webservice.rest.php', 'textobjectdetail//get/document/', '2013-01-09'), ('26162', '0', 'area=textobjectdetail&action=insert&actionsub=form&textobjectType=text&textobjectTypeSub=plain&textobjectRef=2391&textobjectCommentType=visual', null, null, 'webservice.rest.php', 'textobjectdetail//insert/form/', '2013-01-09'), ('26163', '0', 'area=textobjectdetail&action=insert&actionsub=&textobjectRef=2391&textobjectType=text&textobjectTypeSub=plain&textobjectCommentType=visual&textobjectPositionX=50&textobjectPositionY=50&textobjectArgument=test', null, null, 'webservice.rest.php', 'textobjectdetail//insert//', '2013-01-09'), ('26164', '0', 'area=textobjectdetail&action=get&actionsub=listviewvisual&textobjectId=2392', null, null, 'webservice.rest.php', 'textobjectdetail//get/listviewvisual/', '2013-01-09'), ('26165', '0', 'area=textobjectdetail&action=insert&actionsub=form&textobjectType=text&textobjectTypeSub=plain&textobjectRef=2391&textobjectCommentType=visual', null, null, 'webservice.rest.php', 'textobjectdetail//insert/form/', '2013-01-09'), ('26166', '0', 'area=textobjectdetail&action=rule&actionsub=form&textobjectId=2390', null, null, 'webservice.rest.php', 'textobjectdetail//rule/form/', '2013-01-09'), ('26167', '0', 'area=textobjectdetail&action=get&actionsub=document&textobjectId=2391', null, null, 'webservice.rest.php', 'textobjectdetail//get/document/', '2013-01-09'), ('26168', '0', 'area=textobjectdetail&action=get&actionsub=document&textobjectId=2391', null, null, 'webservice.rest.php', 'textobjectdetail//get/document/', '2013-01-09'), ('26169', '0', 'area=textobjectdetail&action=get&actionsub=document&textobjectId=2391', null, null, 'webservice.rest.php', 'textobjectdetail//get/document/', '2013-01-09'), ('26170', '0', 'area=textobjectdetail&action=get&actionsub=document&textobjectId=2391', null, null, 'webservice.rest.php', 'textobjectdetail//get/document/', '2013-01-09'), ('26171', '0', 'area=textobjectdetail&action=get&actionsub=document&textobjectId=2391', null, null, 'webservice.rest.php', 'textobjectdetail//get/document/', '2013-01-09'), ('26172', '0', 'area=textobjectdetail&action=get&actionsub=document&textobjectId=2391', null, null, 'webservice.rest.php', 'textobjectdetail//get/document/', '2013-01-09'), ('26173', '0', 'area=textobjectdetail&action=get&actionsub=document&textobjectId=2391', null, null, 'webservice.rest.php', 'textobjectdetail//get/document/', '2013-01-09'), ('26174', '0', 'area=textobjectdetail&action=rule&actionsub=form&textobjectId=2392', null, null, 'webservice.rest.php', 'textobjectdetail//rule/form/', '2013-01-09'), ('26175', '0', 'area=textobjectdetail&action=rule&actionsub=form&textobjectId=2391', null, null, 'webservice.rest.php', 'textobjectdetail//rule/form/', '2013-01-09'), ('26176', '0', 'area=textobjectdetail&action=rule&actionsub=form&textobjectId=2390', null, null, 'webservice.rest.php', 'textobjectdetail//rule/form/', '2013-01-09'), ('26177', '0', 'area=textobjectdetail&action=get&actionsub=document&textobjectId=2391', null, null, 'webservice.rest.php', 'textobjectdetail//get/document/', '2013-01-09'), ('26178', '0', 'area=textobjectdetail&action=rule&actionsub=form&textobjectId=2390', null, null, 'webservice.rest.php', 'textobjectdetail//rule/form/', '2013-01-09'), ('26179', '0', 'area=textobjectdetail&action=get&actionsub=document&textobjectId=2391', null, null, 'webservice.rest.php', 'textobjectdetail//get/document/', '2013-01-09'), ('26180', '0', 'area=textobjectdetail&action=rule&actionsub=form&textobjectId=2390', null, null, 'webservice.rest.php', 'textobjectdetail//rule/form/', '2013-01-09'), ('26181', '0', 'area=textobjectdetail&action=get&actionsub=document&textobjectId=2391', null, null, 'webservice.rest.php', 'textobjectdetail//get/document/', '2013-01-09'), ('26182', '0', 'area=textobjectdetail&action=rule&actionsub=form&textobjectId=2390', null, null, 'webservice.rest.php', 'textobjectdetail//rule/form/', '2013-01-09'), ('26183', '0', 'area=textobjectdetail&action=rule&actionsub=form&textobjectId=2391', null, null, 'webservice.rest.php', 'textobjectdetail//rule/form/', '2013-01-09'), ('26184', '0', 'area=textobjectdetail&action=get&actionsub=document&textobjectId=2391', null, null, 'webservice.rest.php', 'textobjectdetail//get/document/', '2013-01-09'), ('26185', '0', 'area=textobjectdetail&action=rule&actionsub=form&textobjectId=2390', null, null, 'webservice.rest.php', 'textobjectdetail//rule/form/', '2013-01-09'), ('26186', '0', 'area=textobjectdetail&action=get&actionsub=document&textobjectId=2391', null, null, 'webservice.rest.php', 'textobjectdetail//get/document/', '2013-01-09'), ('26187', '0', 'area=textobjectdetail&action=rule&actionsub=form&textobjectId=2390', null, null, 'webservice.rest.php', 'textobjectdetail//rule/form/', '2013-01-09'), ('26188', '0', 'area=textobjectdetail&action=get&actionsub=document&textobjectId=2391', null, null, 'webservice.rest.php', 'textobjectdetail//get/document/', '2013-01-09'), ('26189', '0', 'area=textobjectdetail&action=rule&actionsub=form&textobjectId=2390', null, null, 'webservice.rest.php', 'textobjectdetail//rule/form/', '2013-01-09'), ('26190', '0', 'area=textobjectdetail&action=insert&actionsub=form&textobjectType=text&textobjectTypeSub=plain&textobjectRef=2390&textobjectCommentType=', null, null, 'webservice.rest.php', 'textobjectdetail//insert/form/', '2013-01-09'), ('26191', '0', 'area=textobjectdetail&action=get&actionsub=document&textobjectId=2391', null, null, 'webservice.rest.php', 'textobjectdetail//get/document/', '2013-01-09'), ('26192', '0', 'area=textobjectdetail&action=update&actionsub=form&textobjectId=2390', null, null, 'webservice.rest.php', 'textobjectdetail//update/form/', '2013-01-09'), ('26193', '0', 'area=textobjectdetail&action=rule&actionsub=form&textobjectId=2390', null, null, 'webservice.rest.php', 'textobjectdetail//rule/form/', '2013-01-09'), ('26194', '0', 'area=textobjectdetail&action=rule&actionsub=form&textobjectId=2390', null, null, 'webservice.rest.php', 'textobjectdetail//rule/form/', '2013-01-09'), ('26195', '0', 'area=textobjectdetail&action=rule&actionsub=delete&ruleId=1560', null, null, 'webservice.rest.php', 'textobjectdetail//rule/delete/', '2013-01-09'), ('26196', '0', 'area=textobjectdetail&action=rule&actionsub=form&textobjectId=2390', null, null, 'webservice.rest.php', 'textobjectdetail//rule/form/', '2013-01-09'), ('26197', '0', 'area=textobjectdetail&action=rule&actionsub=addform&textobjectId=2390&ruleName=freerider', null, null, 'webservice.rest.php', 'textobjectdetail//rule/addform/', '2013-01-09'), ('26198', '0', 'area=textobjectdetail&action=rule&actionsub=addformsearch&textobjectId=2390&addformsearch=guest', null, null, 'webservice.rest.php', 'textobjectdetail//rule/addformsearch/', '2013-01-09'), ('26199', '0', 'area=textobjectdetail&action=rule&actionsub=insert&textobjectId=2390&ruleName=freerider&ruleUserId=3479', null, null, 'webservice.rest.php', 'textobjectdetail//rule/insert/', '2013-01-09'), ('26200', '0', 'area=textobjectdetail&action=rule&actionsub=form&textobjectId=2390', null, null, 'webservice.rest.php', 'textobjectdetail//rule/form/', '2013-01-09'), ('26201', '0', 'area=textobjectdetail&action=get&actionsub=document&textobjectId=2391', null, null, 'webservice.rest.php', 'textobjectdetail//get/document/', '2013-01-09'), ('26202', '0', 'area=textobjectdetail&action=get&actionsub=document&textobjectId=2391', null, null, 'webservice.rest.php', 'textobjectdetail//get/document/', '2013-01-09'), ('26203', '0', 'area=textobjectdetail&action=rule&actionsub=form&textobjectId=2390', null, null, 'webservice.rest.php', 'textobjectdetail//rule/form/', '2013-01-09'), ('26204', '0', 'area=textobjectdetail&action=get&actionsub=document&textobjectId=2391', null, null, 'webservice.rest.php', 'textobjectdetail//get/document/', '2013-01-09'), ('26205', '0', 'area=textobjectdetail&action=rule&actionsub=form&textobjectId=2390', null, null, 'webservice.rest.php', 'textobjectdetail//rule/form/', '2013-01-09'), ('26206', '0', 'area=textobjectdetail&action=get&actionsub=document&textobjectId=2391', null, null, 'webservice.rest.php', 'textobjectdetail//get/document/', '2013-01-09'), ('26207', '0', 'area=textobjectdetail&action=rule&actionsub=form&textobjectId=2390', null, null, 'webservice.rest.php', 'textobjectdetail//rule/form/', '2013-01-09'), ('26208', '0', 'area=textobjectdetail&action=get&actionsub=document&textobjectId=2391', null, null, 'webservice.rest.php', 'textobjectdetail//get/document/', '2013-01-09'), ('26209', '0', 'area=textobjectdetail&action=get&actionsub=document&textobjectId=2391', null, null, 'webservice.rest.php', 'textobjectdetail//get/document/', '2013-01-09'), ('26210', '0', 'area=textobjectdetail&action=rule&actionsub=form&textobjectId=2390', null, null, 'webservice.rest.php', 'textobjectdetail//rule/form/', '2013-01-09'), ('26211', '0', 'area=textobjectdetail&action=get&actionsub=document&textobjectId=2391', null, null, 'webservice.rest.php', 'textobjectdetail//get/document/', '2013-01-09'), ('26212', '0', 'area=textobjectdetail&action=get&actionsub=document&textobjectId=2391', null, null, 'webservice.rest.php', 'textobjectdetail//get/document/', '2013-01-09'), ('26213', '0', 'area=textobjectdetail&action=update&actionsub=form&textobjectId=2390', null, null, 'webservice.rest.php', 'textobjectdetail//update/form/', '2013-01-09'), ('26214', '0', 'area=textobjectdetail&action=rule&actionsub=form&textobjectId=2390', null, null, 'webservice.rest.php', 'textobjectdetail//rule/form/', '2013-01-09'), ('26215', '0', 'area=textobjectdetail&action=rule&actionsub=addform&textobjectId=2390&ruleName=friend', null, null, 'webservice.rest.php', 'textobjectdetail//rule/addform/', '2013-01-09'), ('26216', '0', 'area=textobjectdetail&action=rule&actionsub=addformsearch&textobjectId=2390&addformsearch=registrated', null, null, 'webservice.rest.php', 'textobjectdetail//rule/addformsearch/', '2013-01-09'), ('26217', '0', 'area=textobjectdetail&action=rule&actionsub=insert&textobjectId=2390&ruleName=friend&ruleUserId=3478', null, null, 'webservice.rest.php', 'textobjectdetail//rule/insert/', '2013-01-09'), ('26218', '0', 'area=textobjectdetail&action=rule&actionsub=form&textobjectId=2390', null, null, 'webservice.rest.php', 'textobjectdetail//rule/form/', '2013-01-09'), ('26219', '0', 'area=textobjectdetail&action=get&actionsub=document&textobjectId=2391', null, null, 'webservice.rest.php', 'textobjectdetail//get/document/', '2013-01-09'), ('26220', '0', 'area=textobjectdetail&action=get&actionsub=document&textobjectId=2391', null, null, 'webservice.rest.php', 'textobjectdetail//get/document/', '2013-01-09'), ('26221', '0', 'area=textobjectdetail&action=insert&actionsub=form&textobjectType=text&textobjectTypeSub=plain&textobjectRef=2390&textobjectCommentType=', null, null, 'webservice.rest.php', 'textobjectdetail//insert/form/', '2013-01-09'), ('26222', '0', 'area=textobjectdetail&action=insert&actionsub=&textobjectRef=2390&textobjectType=text&textobjectTypeSub=plain&textobjectCommentType=&textobjectPositionX=50&textobjectPositionY=50&textobjectArgument=kommentieren!+ja+das+kann+der+registrierte!', null, null, 'webservice.rest.php', 'textobjectdetail//insert//', '2013-01-09'), ('26223', '0', 'area=textobjectdetail&action=get&actionsub=listview&textobjectId=2393', null, null, 'webservice.rest.php', 'textobjectdetail//get/listview/', '2013-01-09'), ('26224', '0', 'area=textobjectdetail&action=insert&actionsub=form&textobjectType=text&textobjectTypeSub=plain&textobjectRef=2390&textobjectCommentType=', null, null, 'webservice.rest.php', 'textobjectdetail//insert/form/', '2013-01-09'), ('26225', '0', 'area=textobjectdetail&action=update&actionsub=position&textobjectId=2392&textobjectPositionX=245&textobjectPositionY=10', null, null, 'webservice.rest.php', 'textobjectdetail//update/position/', '2013-01-09'), ('26226', '0', 'area=textobjectdetail&action=insert&actionsub=form&textobjectType=text&textobjectTypeSub=plain&textobjectRef=2390&textobjectCommentType=', null, null, 'webservice.rest.php', 'textobjectdetail//insert/form/', '2013-01-09'), ('26227', '0', 'area=textobjectdetail&action=insert&actionsub=&textobjectRef=2390&textobjectType=text&textobjectTypeSub=plain&textobjectCommentType=&textobjectPositionX=50&textobjectPositionY=50&textobjectArgument=bin+ich!', null, null, 'webservice.rest.php', 'textobjectdetail//insert//', '2013-01-09'), ('26228', '0', 'area=textobjectdetail&action=insert&actionsub=form&textobjectType=text&textobjectTypeSub=plain&textobjectRef=2390&textobjectCommentType=', null, null, 'webservice.rest.php', 'textobjectdetail//insert/form/', '2013-01-09'), ('26229', '0', 'area=textobjectdetail&action=get&actionsub=listview&textobjectId=2394', null, null, 'webservice.rest.php', 'textobjectdetail//get/listview/', '2013-01-09'), ('26230', '0', 'area=textobjectdetail&action=insert&actionsub=form&textobjectType=text&textobjectTypeSub=plain&textobjectRef=2390&textobjectCommentType=', null, null, 'webservice.rest.php', 'textobjectdetail//insert/form/', '2013-01-09'), ('26231', '0', 'area=textobjectdetail&action=insert&actionsub=&textobjectRef=2390&textobjectType=text&textobjectTypeSub=plain&textobjectCommentType=&textobjectPositionX=50&textobjectPositionY=50&textobjectArgument=go+jesus+go!', null, null, 'webservice.rest.php', 'textobjectdetail//insert//', '2013-01-09'), ('26232', '0', 'area=textobjectdetail&action=get&actionsub=listview&textobjectId=2395', null, null, 'webservice.rest.php', 'textobjectdetail//get/listview/', '2013-01-09'), ('26233', '0', 'area=textobjectdetail&action=insert&actionsub=form&textobjectType=text&textobjectTypeSub=plain&textobjectRef=2390&textobjectCommentType=', null, null, 'webservice.rest.php', 'textobjectdetail//insert/form/', '2013-01-09'), ('26234', '0', 'area=textobjectdetail&action=get&actionsub=document&textobjectId=2391', null, null, 'webservice.rest.php', 'textobjectdetail//get/document/', '2013-01-09'), ('26235', '0', 'area=textobjectdetail&action=rule&actionsub=form&textobjectId=2395', null, null, 'webservice.rest.php', 'textobjectdetail//rule/form/', '2013-01-09'), ('26236', '0', 'area=textobjectdetail&action=rule&actionsub=form&textobjectId=2395', null, null, 'webservice.rest.php', 'textobjectdetail//rule/form/', '2013-01-09'), ('26237', '0', 'area=textobjectdetail&action=get&actionsub=document&textobjectId=2391', null, null, 'webservice.rest.php', 'textobjectdetail//get/document/', '2013-01-09'), ('26238', '0', 'area=textobjectdetail&action=rule&actionsub=form&textobjectId=2395', null, null, 'webservice.rest.php', 'textobjectdetail//rule/form/', '2013-01-09'), ('26239', '0', 'area=textobjectdetail&action=rule&actionsub=addform&textobjectId=2395&ruleName=collaborator', null, null, 'webservice.rest.php', 'textobjectdetail//rule/addform/', '2013-01-09'), ('26240', '0', 'area=textobjectdetail&action=rule&actionsub=addformsearch&textobjectId=2395&addformsearch=guest', null, null, 'webservice.rest.php', 'textobjectdetail//rule/addformsearch/', '2013-01-09'), ('26241', '0', 'area=textobjectdetail&action=rule&actionsub=insert&textobjectId=2395&ruleName=collaborator&ruleUserId=3479', null, null, 'webservice.rest.php', 'textobjectdetail//rule/insert/', '2013-01-09'), ('26242', '0', 'area=textobjectdetail&action=rule&actionsub=form&textobjectId=2395', null, null, 'webservice.rest.php', 'textobjectdetail//rule/form/', '2013-01-09'), ('26243', '0', 'area=textobjectdetail&action=get&actionsub=document&textobjectId=2391', null, null, 'webservice.rest.php', 'textobjectdetail//get/document/', '2013-01-09'), ('26244', '0', 'area=textobjectdetail&action=insert&actionsub=form&textobjectType=text&textobjectTypeSub=plain&textobjectRef=2395&textobjectCommentType=', null, null, 'webservice.rest.php', 'textobjectdetail//insert/form/', '2013-01-09'), ('26245', '0', 'area=textobjectdetail&action=insert&actionsub=&textobjectRef=2395&textobjectType=text&textobjectTypeSub=plain&textobjectCommentType=&textobjectPositionX=50&textobjectPositionY=50&textobjectArgument=aha+der+gast+kann+auch+mitmsichen!+%0Aimmer+und+immer+wieder!', null, null, 'webservice.rest.php', 'textobjectdetail//insert//', '2013-01-09'), ('26246', '0', 'area=textobjectdetail&action=get&actionsub=listview&textobjectId=2396', null, null, 'webservice.rest.php', 'textobjectdetail//get/listview/', '2013-01-09'), ('26247', '0', 'area=textobjectdetail&action=insert&actionsub=form&textobjectType=text&textobjectTypeSub=plain&textobjectRef=2395&textobjectCommentType=', null, null, 'webservice.rest.php', 'textobjectdetail//insert/form/', '2013-01-09'), ('26248', '0', 'area=textobjectdetail&action=insert&actionsub=form&textobjectType=text&textobjectTypeSub=plain&textobjectRef=2395&textobjectCommentType=', null, null, 'webservice.rest.php', 'textobjectdetail//insert/form/', '2013-01-09'), ('26249', '0', 'area=textobjectdetail&action=insert&actionsub=&textobjectRef=2395&textobjectType=image&textobjectTypeSub=png&textobjectCommentType=&textobjectArgument=', null, null, 'webservice.rest.php', 'textobjectdetail//insert//', '2013-01-09'), ('26250', '0', 'area=textobjectdetail&action=get&actionsub=listview&textobjectId=2397', null, null, 'webservice.rest.php', 'textobjectdetail//get/listview/', '2013-01-09'), ('26251', '0', 'area=textobjectdetail&action=insert&actionsub=&textobjectRef=2395&textobjectType=image&textobjectTypeSub=png&textobjectCommentType=&textobjectArgument=', null, null, 'webservice.rest.php', 'textobjectdetail//insert//', '2013-01-09'), ('26252', '0', 'area=textobjectdetail&action=update&actionsub=document&textobjectId=2397', null, null, 'webservice.rest.php', 'textobjectdetail//update/document/', '2013-01-09'), ('26253', '0', 'area=textobjectdetail&action=get&actionsub=document&textobjectId=2397', null, null, 'webservice.rest.php', 'textobjectdetail//get/document/', '2013-01-09'), ('26254', '0', 'area=textobjectdetail&action=update&actionsub=document&textobjectId=2398', null, null, 'webservice.rest.php', 'textobjectdetail//update/document/', '2013-01-09'), ('26255', '0', 'area=textobjectdetail&action=get&actionsub=listview&textobjectId=2398', null, null, 'webservice.rest.php', 'textobjectdetail//get/listview/', '2013-01-09'), ('26256', '0', 'area=textobjectdetail&action=insert&actionsub=&textobjectRef=2395&textobjectType=image&textobjectTypeSub=png&textobjectCommentType=&textobjectArgument=', null, null, 'webservice.rest.php', 'textobjectdetail//insert//', '2013-01-09'), ('26257', '0', 'area=textobjectdetail&action=get&actionsub=document&textobjectId=2398', null, null, 'webservice.rest.php', 'textobjectdetail//get/document/', '2013-01-09'), ('26258', '0', 'area=textobjectdetail&action=get&actionsub=listview&textobjectId=2399', null, null, 'webservice.rest.php', 'textobjectdetail//get/listview/', '2013-01-09'), ('26259', '0', 'area=textobjectdetail&action=insert&actionsub=&textobjectRef=2395&textobjectType=image&textobjectTypeSub=png&textobjectCommentType=&textobjectArgument=', null, null, 'webservice.rest.php', 'textobjectdetail//insert//', '2013-01-09'), ('26260', '0', 'area=textobjectdetail&action=update&actionsub=document&textobjectId=2399', null, null, 'webservice.rest.php', 'textobjectdetail//update/document/', '2013-01-09'), ('26261', '0', 'area=textobjectdetail&action=get&actionsub=document&textobjectId=2399', null, null, 'webservice.rest.php', 'textobjectdetail//get/document/', '2013-01-09'), ('26262', '0', 'area=textobjectdetail&action=update&actionsub=document&textobjectId=2400', null, null, 'webservice.rest.php', 'textobjectdetail//update/document/', '2013-01-09'), ('26263', '0', 'area=textobjectdetail&action=get&actionsub=listview&textobjectId=2400', null, null, 'webservice.rest.php', 'textobjectdetail//get/listview/', '2013-01-09'), ('26264', '0', 'area=textobjectdetail&action=insert&actionsub=&textobjectRef=2395&textobjectType=image&textobjectTypeSub=png&textobjectCommentType=&textobjectArgument=', null, null, 'webservice.rest.php', 'textobjectdetail//insert//', '2013-01-09'), ('26265', '0', 'area=textobjectdetail&action=get&actionsub=document&textobjectId=2400', null, null, 'webservice.rest.php', 'textobjectdetail//get/document/', '2013-01-09'), ('26266', '0', 'area=textobjectdetail&action=get&actionsub=listview&textobjectId=2401', null, null, 'webservice.rest.php', 'textobjectdetail//get/listview/', '2013-01-09'), ('26267', '0', 'area=textobjectdetail&action=insert&actionsub=&textobjectRef=2395&textobjectType=image&textobjectTypeSub=png&textobjectCommentType=&textobjectArgument=', null, null, 'webservice.rest.php', 'textobjectdetail//insert//', '2013-01-09'), ('26268', '0', 'area=textobjectdetail&action=update&actionsub=document&textobjectId=2401', null, null, 'webservice.rest.php', 'textobjectdetail//update/document/', '2013-01-09'), ('26269', '0', 'area=textobjectdetail&action=get&actionsub=document&textobjectId=2401', null, null, 'webservice.rest.php', 'textobjectdetail//get/document/', '2013-01-09'), ('26270', '0', 'area=textobjectdetail&action=update&actionsub=document&textobjectId=2402', null, null, 'webservice.rest.php', 'textobjectdetail//update/document/', '2013-01-09'), ('26271', '0', 'area=textobjectdetail&action=get&actionsub=listview&textobjectId=2402', null, null, 'webservice.rest.php', 'textobjectdetail//get/listview/', '2013-01-09'), ('26272', '0', 'area=textobjectdetail&action=insert&actionsub=&textobjectRef=2395&textobjectType=image&textobjectTypeSub=png&textobjectCommentType=&textobjectArgument=', null, null, 'webservice.rest.php', 'textobjectdetail//insert//', '2013-01-09'), ('26273', '0', 'area=textobjectdetail&action=get&actionsub=document&textobjectId=2402', null, null, 'webservice.rest.php', 'textobjectdetail//get/document/', '2013-01-09'), ('26274', '0', 'area=textobjectdetail&action=insert&actionsub=&textobjectRef=2395&textobjectType=image&textobjectTypeSub=png&textobjectCommentType=&textobjectArgument=', null, null, 'webservice.rest.php', 'textobjectdetail//insert//', '2013-01-09'), ('26275', '0', 'area=textobjectdetail&action=get&actionsub=listview&textobjectId=2403', null, null, 'webservice.rest.php', 'textobjectdetail//get/listview/', '2013-01-09'), ('26276', '0', 'area=textobjectdetail&action=update&actionsub=document&textobjectId=2403', null, null, 'webservice.rest.php', 'textobjectdetail//update/document/', '2013-01-09'), ('26277', '0', 'area=textobjectdetail&action=get&actionsub=listview&textobjectId=2404', null, null, 'webservice.rest.php', 'textobjectdetail//get/listview/', '2013-01-09'), ('26278', '0', 'area=textobjectdetail&action=insert&actionsub=&textobjectRef=2395&textobjectType=image&textobjectTypeSub=png&textobjectCommentType=&textobjectArgument=', null, null, 'webservice.rest.php', 'textobjectdetail//insert//', '2013-01-09'), ('26279', '0', 'area=textobjectdetail&action=update&actionsub=document&textobjectId=2404', null, null, 'webservice.rest.php', 'textobjectdetail//update/document/', '2013-01-09'), ('26280', '0', 'area=textobjectdetail&action=get&actionsub=document&textobjectId=2403', null, null, 'webservice.rest.php', 'textobjectdetail//get/document/', '2013-01-09'), ('26281', '0', 'area=textobjectdetail&action=get&actionsub=document&textobjectId=2404', null, null, 'webservice.rest.php', 'textobjectdetail//get/document/', '2013-01-09'), ('26282', '0', 'area=textobjectdetail&action=update&actionsub=document&textobjectId=2405', null, null, 'webservice.rest.php', 'textobjectdetail//update/document/', '2013-01-09'), ('26283', '0', 'area=textobjectdetail&action=get&actionsub=listview&textobjectId=2405', null, null, 'webservice.rest.php', 'textobjectdetail//get/listview/', '2013-01-09'), ('26284', '0', 'area=textobjectdetail&action=insert&actionsub=&textobjectRef=2395&textobjectType=image&textobjectTypeSub=png&textobjectCommentType=&textobjectArgument=', null, null, 'webservice.rest.php', 'textobjectdetail//insert//', '2013-01-09'), ('26285', '0', 'area=textobjectdetail&action=get&actionsub=document&textobjectId=2405', null, null, 'webservice.rest.php', 'textobjectdetail//get/document/', '2013-01-09'), ('26286', '0', 'area=textobjectdetail&action=update&actionsub=document&textobjectId=2406', null, null, 'webservice.rest.php', 'textobjectdetail//update/document/', '2013-01-09'), ('26287', '0', 'area=textobjectdetail&action=get&actionsub=listview&textobjectId=2406', null, null, 'webservice.rest.php', 'textobjectdetail//get/listview/', '2013-01-09'), ('26288', '0', 'area=textobjectdetail&action=insert&actionsub=&textobjectRef=2395&textobjectType=image&textobjectTypeSub=png&textobjectCommentType=&textobjectArgument=', null, null, 'webservice.rest.php', 'textobjectdetail//insert//', '2013-01-09'), ('26289', '0', 'area=textobjectdetail&action=get&actionsub=document&textobjectId=2406', null, null, 'webservice.rest.php', 'textobjectdetail//get/document/', '2013-01-09'), ('26290', '0', 'area=textobjectdetail&action=get&actionsub=listview&textobjectId=2407', null, null, 'webservice.rest.php', 'textobjectdetail//get/listview/', '2013-01-09'), ('26291', '0', 'area=textobjectdetail&action=insert&actionsub=&textobjectRef=2395&textobjectType=image&textobjectTypeSub=png&textobjectCommentType=&textobjectArgument=', null, null, 'webservice.rest.php', 'textobjectdetail//insert//', '2013-01-09'), ('26292', '0', 'area=textobjectdetail&action=update&actionsub=document&textobjectId=2407', null, null, 'webservice.rest.php', 'textobjectdetail//update/document/', '2013-01-09'), ('26293', '0', 'area=textobjectdetail&action=get&actionsub=document&textobjectId=2407', null, null, 'webservice.rest.php', 'textobjectdetail//get/document/', '2013-01-09'), ('26294', '0', 'area=textobjectdetail&action=update&actionsub=document&textobjectId=2408', null, null, 'webservice.rest.php', 'textobjectdetail//update/document/', '2013-01-09'), ('26295', '0', 'area=textobjectdetail&action=get&actionsub=listview&textobjectId=2408', null, null, 'webservice.rest.php', 'textobjectdetail//get/listview/', '2013-01-09'), ('26296', '0', 'area=textobjectdetail&action=insert&actionsub=&textobjectRef=2395&textobjectType=image&textobjectTypeSub=png&textobjectCommentType=&textobjectArgument=', null, null, 'webservice.rest.php', 'textobjectdetail//insert//', '2013-01-09'), ('26297', '0', 'area=textobjectdetail&action=get&actionsub=document&textobjectId=2408', null, null, 'webservice.rest.php', 'textobjectdetail//get/document/', '2013-01-09'), ('26298', '0', 'area=textobjectdetail&action=update&actionsub=document&textobjectId=2409', null, null, 'webservice.rest.php', 'textobjectdetail//update/document/', '2013-01-09'), ('26299', '0', 'area=textobjectdetail&action=get&actionsub=listview&textobjectId=2409', null, null, 'webservice.rest.php', 'textobjectdetail//get/listview/', '2013-01-09'), ('26300', '0', 'area=textobjectdetail&action=insert&actionsub=&textobjectRef=2395&textobjectType=image&textobjectTypeSub=png&textobjectCommentType=&textobjectArgument=', null, null, 'webservice.rest.php', 'textobjectdetail//insert//', '2013-01-09'), ('26301', '0', 'area=textobjectdetail&action=get&actionsub=document&textobjectId=2409', null, null, 'webservice.rest.php', 'textobjectdetail//get/document/', '2013-01-09'), ('26302', '0', 'area=textobjectdetail&action=insert&actionsub=&textobjectRef=2395&textobjectType=image&textobjectTypeSub=png&textobjectCommentType=&textobjectArgument=', null, null, 'webservice.rest.php', 'textobjectdetail//insert//', '2013-01-09'), ('26303', '0', 'area=textobjectdetail&action=update&actionsub=document&textobjectId=2410', null, null, 'webservice.rest.php', 'textobjectdetail//update/document/', '2013-01-09'), ('26304', '0', 'area=textobjectdetail&action=get&actionsub=listview&textobjectId=2410', null, null, 'webservice.rest.php', 'textobjectdetail//get/listview/', '2013-01-09'), ('26305', '0', 'area=textobjectdetail&action=update&actionsub=document&textobjectId=2411', null, null, 'webservice.rest.php', 'textobjectdetail//update/document/', '2013-01-09'), ('26306', '0', 'area=textobjectdetail&action=get&actionsub=listview&textobjectId=2411', null, null, 'webservice.rest.php', 'textobjectdetail//get/listview/', '2013-01-09'), ('26307', '0', 'area=textobjectdetail&action=insert&actionsub=&textobjectRef=2395&textobjectType=image&textobjectTypeSub=png&textobjectCommentType=&textobjectArgument=', null, null, 'webservice.rest.php', 'textobjectdetail//insert//', '2013-01-09'), ('26308', '0', 'area=textobjectdetail&action=get&actionsub=document&textobjectId=2410', null, null, 'webservice.rest.php', 'textobjectdetail//get/document/', '2013-01-09'), ('26309', '0', 'area=textobjectdetail&action=get&actionsub=document&textobjectId=2411', null, null, 'webservice.rest.php', 'textobjectdetail//get/document/', '2013-01-09'), ('26310', '0', 'area=textobjectdetail&action=insert&actionsub=&textobjectRef=2395&textobjectType=image&textobjectTypeSub=png&textobjectCommentType=&textobjectArgument=', null, null, 'webservice.rest.php', 'textobjectdetail//insert//', '2013-01-09'), ('26311', '0', 'area=textobjectdetail&action=update&actionsub=document&textobjectId=2412', null, null, 'webservice.rest.php', 'textobjectdetail//update/document/', '2013-01-09'), ('26312', '0', 'area=textobjectdetail&action=get&actionsub=listview&textobjectId=2412', null, null, 'webservice.rest.php', 'textobjectdetail//get/listview/', '2013-01-09'), ('26313', '0', 'area=textobjectdetail&action=update&actionsub=document&textobjectId=2413', null, null, 'webservice.rest.php', 'textobjectdetail//update/document/', '2013-01-09'), ('26314', '0', 'area=textobjectdetail&action=get&actionsub=listview&textobjectId=2413', null, null, 'webservice.rest.php', 'textobjectdetail//get/listview/', '2013-01-09'), ('26315', '0', 'area=textobjectdetail&action=get&actionsub=document&textobjectId=2412', null, null, 'webservice.rest.php', 'textobjectdetail//get/document/', '2013-01-09'), ('26316', '0', 'area=textobjectdetail&action=get&actionsub=document&textobjectId=2413', null, null, 'webservice.rest.php', 'textobjectdetail//get/document/', '2013-01-09'), ('26317', '0', 'area=textobjectdetail&action=get&actionsub=document&textobjectId=2391', null, null, 'webservice.rest.php', 'textobjectdetail//get/document/', '2013-01-09'), ('26318', '0', 'area=textobjectdetail&action=get&actionsub=document&textobjectId=2398', null, null, 'webservice.rest.php', 'textobjectdetail//get/document/', '2013-01-09'), ('26319', '0', 'area=textobjectdetail&action=get&actionsub=document&textobjectId=2400', null, null, 'webservice.rest.php', 'textobjectdetail//get/document/', '2013-01-09'), ('26320', '0', 'area=textobjectdetail&action=get&actionsub=document&textobjectId=2401', null, null, 'webservice.rest.php', 'textobjectdetail//get/document/', '2013-01-09'), ('26321', '0', 'area=textobjectdetail&action=get&actionsub=document&textobjectId=2397', null, null, 'webservice.rest.php', 'textobjectdetail//get/document/', '2013-01-09'), ('26322', '0', 'area=textobjectdetail&action=get&actionsub=document&textobjectId=2399', null, null, 'webservice.rest.php', 'textobjectdetail//get/document/', '2013-01-09'), ('26323', '0', 'area=textobjectdetail&action=get&actionsub=document&textobjectId=2402', null, null, 'webservice.rest.php', 'textobjectdetail//get/document/', '2013-01-09'), ('26324', '0', 'area=textobjectdetail&action=get&actionsub=document&textobjectId=2403', null, null, 'webservice.rest.php', 'textobjectdetail//get/document/', '2013-01-09'), ('26325', '0', 'area=textobjectdetail&action=get&actionsub=document&textobjectId=2404', null, null, 'webservice.rest.php', 'textobjectdetail//get/document/', '2013-01-09'), ('26326', '0', 'area=textobjectdetail&action=get&actionsub=document&textobjectId=2406', null, null, 'webservice.rest.php', 'textobjectdetail//get/document/', '2013-01-09'), ('26327', '0', 'area=textobjectdetail&action=get&actionsub=document&textobjectId=2405', null, null, 'webservice.rest.php', 'textobjectdetail//get/document/', '2013-01-09'), ('26328', '0', 'area=textobjectdetail&action=get&actionsub=document&textobjectId=2407', null, null, 'webservice.rest.php', 'textobjectdetail//get/document/', '2013-01-09'), ('26329', '0', 'area=textobjectdetail&action=get&actionsub=document&textobjectId=2409', null, null, 'webservice.rest.php', 'textobjectdetail//get/document/', '2013-01-09'), ('26330', '0', 'area=textobjectdetail&action=get&actionsub=document&textobjectId=2410', null, null, 'webservice.rest.php', 'textobjectdetail//get/document/', '2013-01-09'), ('26331', '0', 'area=textobjectdetail&action=get&actionsub=document&textobjectId=2411', null, null, 'webservice.rest.php', 'textobjectdetail//get/document/', '2013-01-09'), ('26332', '0', 'area=textobjectdetail&action=get&actionsub=document&textobjectId=2408', null, null, 'webservice.rest.php', 'textobjectdetail//get/document/', '2013-01-09'), ('26333', '0', 'area=textobjectdetail&action=get&actionsub=document&textobjectId=2412', null, null, 'webservice.rest.php', 'textobjectdetail//get/document/', '2013-01-09'), ('26334', '0', 'area=textobjectdetail&action=get&actionsub=document&textobjectId=2413', null, null, 'webservice.rest.php', 'textobjectdetail//get/document/', '2013-01-09'), ('26335', '0', 'area=thread&action=get&actionsub=view&textobjectId=2373', null, null, 'webservice.rest.php', 'thread//get/view/', '2013-01-09'), ('26336', '0', 'area=thread&action=get&actionsub=view&textobjectId=2378', null, null, 'webservice.rest.php', 'thread//get/view/', '2013-01-09');
COMMIT;

-- ----------------------------
--  Table structure for `Rule`
-- ----------------------------
DROP TABLE IF EXISTS `Rule`;
CREATE TABLE `Rule` (
  `ruleId` bigint(21) NOT NULL AUTO_INCREMENT,
  `ruleStatus` varchar(255) DEFAULT 'active' COMMENT '/waiting/active',
  `ruleTextObjectRef` bigint(21) DEFAULT '-1',
  `ruleUserRef` bigint(21) DEFAULT '-1',
  `ruleName` varchar(255) DEFAULT NULL COMMENT 'Owner/Collaborater/Freerider [read+write+rulesetter/read+write/read]',
  `ruleGeneric` bigint(1) DEFAULT '0' COMMENT '> same as pointed to user',
  `ruleCreate` datetime DEFAULT NULL,
  PRIMARY KEY (`ruleId`)
) ENGINE=InnoDB AUTO_INCREMENT=1587 DEFAULT CHARSET=utf8;

-- ----------------------------
--  Records of `Rule`
-- ----------------------------
BEGIN;
INSERT INTO `Rule` VALUES ('1484', 'active', '2368', '3478', 'collaborator', '1', '2013-01-09 00:25:17'), ('1485', 'active', '2369', '3479', 'collaborator', '1', '2013-01-09 00:25:17'), ('1486', 'active', '2369', '3479', 'freerider', '1', '2013-01-09 00:25:17'), ('1487', 'active', '2369', '3478', 'friend', '1', '2013-01-09 00:25:17'), ('1488', 'active', '2369', '3479', 'admin', '1', '2013-01-09 00:25:18'), ('1489', 'active', '2368', '3479', 'freerider', '1', '2013-01-09 00:25:18'), ('1490', 'active', '2368', '3478', 'friend', '1', '2013-01-09 00:25:18'), ('1491', 'active', '2368', '3478', 'admin', '1', '2013-01-09 00:25:18'), ('1492', 'active', '2373', '3479', 'freerider', '1', '2013-01-09 00:25:18'), ('1493', 'active', '2373', '3478', 'friend', '1', '2013-01-09 00:25:18'), ('1494', 'active', '2375', '3480', 'collaborator', '0', '2013-01-09 00:25:18'), ('1495', 'active', '2375', '3479', 'freerider', '1', '2013-01-09 00:25:18'), ('1496', 'active', '2375', '3478', 'friend', '1', '2013-01-09 00:25:18'), ('1497', 'active', '2375', '3480', 'admin', '0', '2013-01-09 00:25:18'), ('1498', 'active', '2370', '3480', 'admin', '0', '2013-01-09 00:25:18'), ('1499', 'active', '2376', '3481', 'collaborator', '0', '2013-01-09 00:25:41'), ('1500', 'active', '2376', '3479', 'freerider', '1', '2013-01-09 00:25:41'), ('1501', 'active', '2376', '3478', 'friend', '1', '2013-01-09 00:25:41'), ('1502', 'active', '2376', '3481', 'admin', '0', '2013-01-09 00:25:41'), ('1503', 'active', '2377', '3481', 'collaborator', '0', '2013-01-09 00:27:25'), ('1504', 'active', '2377', '3479', 'freerider', '1', '2013-01-09 00:27:25'), ('1505', 'active', '2377', '3478', 'friend', '1', '2013-01-09 00:27:25'), ('1506', 'active', '2378', '3481', 'collaborator', '0', '2013-01-09 00:29:01'), ('1509', 'active', '2378', '3481', 'friend', '0', '2013-01-09 00:29:01'), ('1511', 'active', '2379', '3482', 'collaborator', '0', '2013-01-09 00:35:38'), ('1512', 'active', '2379', '3479', 'freerider', '1', '2013-01-09 00:35:38'), ('1513', 'active', '2379', '3478', 'friend', '1', '2013-01-09 00:35:38'), ('1514', 'active', '2379', '3482', 'admin', '0', '2013-01-09 00:35:38'), ('1515', 'active', '2379', '3482', 'admin', '0', '2013-01-09 00:35:38'), ('1516', 'active', '2378', '3478', 'friend', '1', '2013-01-09 00:37:27'), ('1517', 'active', '2380', '3482', 'collaborator', '0', '2013-01-09 00:37:58'), ('1518', 'active', '2381', '3482', 'collaborator', '0', '2013-01-09 00:38:06'), ('1519', 'active', '2382', '3481', 'collaborator', '0', '2013-01-09 00:38:38'), ('1522', 'active', '2382', '3481', 'admin', '0', '2013-01-09 00:38:38'), ('1523', 'active', '2383', '3480', 'collaborator', '0', '2013-01-09 00:43:19'), ('1524', 'request', '0', '3482', '2382', '0', '2013-01-09 01:35:34'), ('1525', 'request', '2382', '3482', 'freerider', '0', '2013-01-09 01:36:31'), ('1526', 'request', '2382', '3482', 'freerider', '0', '2013-01-09 01:36:53'), ('1527', 'request', '2382', '3482', 'friend', '0', '2013-01-09 01:37:05'), ('1528', 'request', '2382', '3482', 'freerider', '0', '2013-01-09 01:37:09'), ('1529', 'request', '2382', '3482', 'friend', '0', '2013-01-09 01:37:25'), ('1530', 'request', '2382', '3482', 'friend', '0', '2013-01-09 01:39:55'), ('1531', 'request', '2382', '3482', 'freerider', '0', '2013-01-09 01:39:58'), ('1532', 'request', '2382', '3482', 'friend', '0', '2013-01-09 01:40:03'), ('1533', 'request', '2382', '3482', 'freerider', '0', '2013-01-09 01:52:45'), ('1534', 'request', '2382', '3482', 'friend', '0', '2013-01-09 01:52:48'), ('1535', 'request', '2382', '3479', 'freerider', '1', '2013-01-09 01:53:32'), ('1536', 'request', '2382', '3478', 'friend', '1', '2013-01-09 01:54:01'), ('1537', 'request', '2382', '3481', 'freerider', '0', '2013-01-09 01:55:24'), ('1538', 'request', '2382', '3479', 'freerider', '1', '2013-01-09 01:55:49'), ('1539', 'request', '2382', '3479', 'freerider', '1', '2013-01-09 01:57:12'), ('1540', 'request', '2382', '3479', 'freerider', '1', '2013-01-09 01:57:33'), ('1541', 'active', '2382', '3479', 'freerider', '1', '2013-01-09 01:58:46'), ('1542', 'active', '2384', '3481', 'collaborator', '0', '2013-01-09 02:07:09'), ('1545', 'active', '2384', '3481', 'admin', '0', '2013-01-09 02:07:09'), ('1546', 'active', '2385', '3481', 'collaborator', '0', '2013-01-09 02:07:20'), ('1547', 'request', '2384', '3482', 'freerider', '0', '2013-01-09 02:08:11'), ('1548', 'request', '2384', '3482', 'friend', '0', '2013-01-09 02:08:14'), ('1550', 'active', '2386', '3481', 'collaborator', '0', '2013-01-09 02:21:04'), ('1551', 'active', '2384', '3478', 'friend', '1', '2013-01-09 02:21:40'), ('1552', 'active', '2387', '3479', 'collaborator', '1', '2013-01-09 02:22:01'), ('1553', 'active', '2388', '3482', 'collaborator', '0', '2013-01-09 02:22:19'), ('1554', 'active', '2389', '3479', 'collaborator', '1', '2013-01-09 02:25:20'), ('1555', 'active', '2390', '3481', 'collaborator', '0', '2013-01-09 02:25:55'), ('1561', 'active', '2391', '3480', 'collaborator', '0', '2013-01-09 02:40:35'), ('1562', 'active', '2392', '3480', 'collaborator', '0', '2013-01-09 02:40:42'), ('1563', 'active', '2390', '3479', 'freerider', '1', '2013-01-09 02:53:04'), ('1564', 'active', '2390', '3478', 'friend', '1', '2013-01-09 02:55:13'), ('1565', 'active', '2393', '3482', 'collaborator', '0', '2013-01-09 02:55:35'), ('1566', 'active', '2394', '3482', 'collaborator', '0', '2013-01-09 02:55:51'), ('1567', 'active', '2395', '3482', 'collaborator', '0', '2013-01-09 02:55:58'), ('1568', 'active', '2395', '3479', 'collaborator', '1', '2013-01-09 02:56:30'), ('1569', 'active', '2396', '3479', 'collaborator', '1', '2013-01-09 02:56:47'), ('1570', 'active', '2397', '3479', 'collaborator', '1', '2013-01-09 02:57:00'), ('1571', 'active', '2398', '3479', 'collaborator', '1', '2013-01-09 02:57:00'), ('1572', 'active', '2399', '3479', 'collaborator', '1', '2013-01-09 02:57:00'), ('1573', 'active', '2400', '3479', 'collaborator', '1', '2013-01-09 02:57:01'), ('1574', 'active', '2401', '3479', 'collaborator', '1', '2013-01-09 02:57:02'), ('1575', 'active', '2402', '3479', 'collaborator', '1', '2013-01-09 02:57:02'), ('1576', 'active', '2403', '3479', 'collaborator', '1', '2013-01-09 02:57:04'), ('1577', 'active', '2404', '3479', 'collaborator', '1', '2013-01-09 02:57:04'), ('1578', 'active', '2405', '3479', 'collaborator', '1', '2013-01-09 02:57:06'), ('1579', 'active', '2406', '3479', 'collaborator', '1', '2013-01-09 02:57:07'), ('1580', 'active', '2407', '3479', 'collaborator', '1', '2013-01-09 02:57:08'), ('1581', 'active', '2408', '3479', 'collaborator', '1', '2013-01-09 02:57:08'), ('1582', 'active', '2409', '3479', 'collaborator', '1', '2013-01-09 02:57:09'), ('1583', 'active', '2410', '3479', 'collaborator', '1', '2013-01-09 02:57:09'), ('1584', 'active', '2411', '3479', 'collaborator', '1', '2013-01-09 02:57:09'), ('1585', 'active', '2412', '3479', 'collaborator', '1', '2013-01-09 02:57:10'), ('1586', 'active', '2413', '3479', 'collaborator', '1', '2013-01-09 02:57:11');
COMMIT;

-- ----------------------------
--  Table structure for `Score`
-- ----------------------------
DROP TABLE IF EXISTS `Score`;
CREATE TABLE `Score` (
  `scoreId` bigint(32) NOT NULL AUTO_INCREMENT,
  `scoreUserRef` bigint(32) DEFAULT NULL,
  `scoreTextObjectDomainRef` bigint(32) DEFAULT NULL COMMENT 'Ref To the Domain',
  `scoreTextObjectGroupRef` bigint(32) DEFAULT NULL,
  `scoreTextObjectRef` bigint(32) DEFAULT NULL,
  `scoreType` varchar(255) DEFAULT NULL COMMENT 'stamina/...',
  `scoreTypeSub` varchar(255) DEFAULT NULL,
  `scoreValue` bigint(32) DEFAULT NULL,
  `scoreComment` varchar(255) DEFAULT NULL,
  `scoreCreate` timestamp NULL DEFAULT NULL ON UPDATE CURRENT_TIMESTAMP,
  PRIMARY KEY (`scoreId`)
) ENGINE=InnoDB DEFAULT CHARSET=utf8;

-- ----------------------------
--  Table structure for `TextObject`
-- ----------------------------
DROP TABLE IF EXISTS `TextObject`;
CREATE TABLE `TextObject` (
  `textobjectId` bigint(20) NOT NULL AUTO_INCREMENT,
  `textobjectVersionId` bigint(32) DEFAULT NULL COMMENT 'Version Id',
  `textobjectVersionType` varchar(255) DEFAULT NULL COMMENT 'Version type',
  `textobjectVersionUserRef` bigint(32) DEFAULT '-1' COMMENT 'User Ref',
  `textobjectRefName` varchar(255) DEFAULT NULL COMMENT 'Reference Name used for TextObjectMembers',
  `textobjectRef` bigint(20) DEFAULT '-1' COMMENT 'Reference to other TextObject',
  `textobjectUserRef` bigint(20) DEFAULT '-1' COMMENT 'Reference User Ref',
  `textobjectOrder` bigint(20) DEFAULT '-1' COMMENT 'Order for the comments',
  `textobjectTimeA` float DEFAULT '-1' COMMENT 'Reference Time Start',
  `textobjectTimeB` float DEFAULT '-1' COMMENT 'Reference Time Stop',
  `textobjectTimeAction` varchar(255) DEFAULT NULL COMMENT ' | Stop | ',
  `textobjectCommentType` varchar(255) DEFAULT NULL COMMENT ' | visual |text',
  `textobjectPositionX` int(20) DEFAULT '-1' COMMENT 'ReferencePosition Visual X',
  `textobjectPositionY` int(20) DEFAULT '-1' COMMENT 'ReferencePosition Visual Y',
  `textobjectPositionZ` int(20) DEFAULT '-1' COMMENT 'ReferencePosition Visual Z',
  `textobjectCursorA` int(11) DEFAULT '-1' COMMENT 'Reference Cursor A',
  `textobjectCursorB` int(11) DEFAULT '-1' COMMENT 'Reference Cursor B',
  `textobjectStatus` varchar(255) DEFAULT NULL COMMENT 'Status draft|published|delete',
  `textobjectName` varchar(255) DEFAULT NULL,
  `textobjectType` varchar(255) DEFAULT NULL COMMENT 'MimeType',
  `textobjectTypeSub` varchar(255) DEFAULT NULL COMMENT 'MimeTypeSub',
  `textobjectDefinition` varchar(255) DEFAULT NULL COMMENT 'not used  ',
  `textobjectArgumentText` text,
  `textobjectArgumentFloat` float(16,0) DEFAULT NULL,
  `textobjectArgumentInt` int(16) DEFAULT NULL,
  `textobjectArgumentDate` datetime DEFAULT NULL,
  `textobjectWidth` varchar(255) DEFAULT '',
  `textobjectHeight` varchar(255) DEFAULT NULL,
  `textobjectTimeLength` float DEFAULT '-1' COMMENT 'Reference Time Start',
  `textobjectCreate` datetime DEFAULT NULL,
  `textobjectUpdate` datetime DEFAULT NULL,
  `textobjectUpdateComments` datetime DEFAULT NULL COMMENT 'Last Update on Commands ...',
  PRIMARY KEY (`textobjectId`),
  KEY `textobjectRefName` (`textobjectRefName`),
  KEY `textobjectRef` (`textobjectRefName`),
  KEY `textobjectStatus` (`textobjectStatus`) USING BTREE,
  KEY `textobjectType` (`textobjectType`) USING HASH,
  KEY `textobjectTypeSub` (`textobjectTypeSub`) USING BTREE
) ENGINE=InnoDB AUTO_INCREMENT=2414 DEFAULT CHARSET=utf8;

-- ----------------------------
--  Records of `TextObject`
-- ----------------------------
BEGIN;
INSERT INTO `TextObject` VALUES ('2368', null, 'insert', '3478', '', '-1', '3478', '-1', '-1', '-1', null, '', '50', '50', '-1', '-1', '-1', 'published', '', 'domain', 'user', null, '', null, null, null, '', null, '-1', '2013-01-09 00:25:17', '2013-01-09 00:25:17', null), ('2369', null, 'insert', '3479', '', '-1', '3479', '-1', '-1', '-1', null, '', '50', '50', '-1', '-1', '-1', 'published', '', 'domain', 'user', null, '', null, null, null, '', null, '-1', '2013-01-09 00:25:17', '2013-01-09 00:25:17', null), ('2370', null, 'insert', '-1', '', '-1', '-1', '-1', '-1', '-1', null, '', '50', '50', '-1', '-1', '-1', 'published', '', 'platform', 'plain', null, 'Platform iMachina', null, null, null, '', null, '-1', '2013-01-09 00:25:18', '2013-01-09 00:25:18', '2013-01-09 00:25:18'), ('2371', null, 'insert', '-1', 'logo', '2370', '-1', '-1', '-1', '-1', null, '', '50', '50', '-1', '-1', '-1', 'published', '', 'image', 'png', null, 'imgs/logo.png', null, null, null, '', null, '-1', '2013-01-09 00:25:18', '2013-01-09 00:25:18', null), ('2372', null, 'insert', '-1', 'text', '2370', '-1', '-1', '-1', '-1', null, '', '50', '50', '-1', '-1', '-1', 'published', '', 'text', 'plain', null, 'Das ist eine iMachina-Installation.', null, null, null, '', null, '-1', '2013-01-09 00:25:18', '2013-01-09 00:25:18', null), ('2373', null, 'update', '3480', '', '-1', '-1', '-1', '-1', '-1', null, '', '50', '50', '-1', '-1', '-1', 'published', '', 'domain', 'plain', null, 'Design', null, null, null, '', '', '-1', '2013-01-09 00:25:18', '2013-01-09 00:26:59', '2013-01-09 00:29:01'), ('2374', null, 'insert', '-1', '', '2373', '-1', '-1', '-1', '-1', null, '', '50', '50', '-1', '-1', '-1', 'published', '', 'text', 'plain', null, 'first domain on this imachina platform. you can change this or create a new one for your needs.', null, null, null, '', null, '-1', '2013-01-09 00:25:18', '2013-01-09 00:25:18', null), ('2375', null, 'insert', '3480', '', '-1', '3480', '-1', '-1', '-1', null, '', '50', '50', '-1', '-1', '-1', 'published', '', 'domain', 'user', null, 'root', null, null, null, '', null, '-1', '2013-01-09 00:25:18', '2013-01-09 00:25:18', null), ('2376', null, 'insert', '3481', '', '-1', '3481', '-1', '-1', '-1', null, '', '50', '50', '-1', '-1', '-1', 'published', '', 'domain', 'user', null, 'abc', null, null, null, '', null, '-1', '2013-01-09 00:25:41', '2013-01-09 00:25:41', null), ('2377', null, 'insert', '3481', '', '2373', '-1', '-1', '-1', '-1', null, '', '50', '50', '-1', '-1', '-1', 'published', '', 'hyperthread', 'plain', null, 'WasTunSieDa? (ABC)', null, null, null, '', null, '-1', '2013-01-09 00:27:25', '2013-01-09 00:27:25', null), ('2378', null, 'insert', '3481', '', '2373', '-1', '-1', '-1', '-1', null, '', '50', '50', '-1', '-1', '-1', 'published', '', 'hyperthread', 'plain', null, 'TECHNOPARTY', null, null, null, '', null, '-1', '2013-01-09 00:29:01', '2013-01-09 00:29:01', '2013-01-09 00:38:06'), ('2379', null, 'insert', '3482', '', '-1', '3482', '-1', '-1', '-1', null, '', '50', '50', '-1', '-1', '-1', 'published', '', 'domain', 'user', null, 'rene.bauer', null, null, null, '', null, '-1', '2013-01-09 00:35:38', '2013-01-09 00:35:38', null), ('2380', null, 'insert', '3482', '', '2378', '-1', '-1', '-1', '-1', null, '', '50', '50', '-1', '-1', '-1', 'published', '', 'thread', 'plain', null, 'PissYou!', null, null, null, '', null, '-1', '2013-01-09 00:37:58', '2013-01-09 00:37:58', null), ('2381', null, 'insert', '3482', '', '2378', '-1', '-1', '-1', '-1', null, '', '50', '50', '-1', '-1', '-1', 'published', '', 'thread', 'plain', null, 'KRICK IT!', null, null, null, '', null, '-1', '2013-01-09 00:38:06', '2013-01-09 00:38:06', '2013-01-09 00:38:38'), ('2382', null, 'insert', '3481', '', '2381', '-1', '-1', '-1', '-1', null, '', '50', '50', '-1', '-1', '-1', 'published', '', 'hyperthread', 'plain', null, 'TETRIS', null, null, null, '', null, '-1', '2013-01-09 00:38:38', '2013-01-09 00:38:38', '2013-01-09 02:07:09'), ('2383', null, 'insert', '3480', '', '2382', '-1', '-1', '-1', '-1', null, '', '50', '50', '-1', '-1', '-1', 'published', '', 'thread', 'plain', null, 'Technoparty', null, null, null, '', null, '-1', '2013-01-09 00:43:19', '2013-01-09 00:43:19', null), ('2384', null, 'insert', '3481', '', '2382', '-1', '-1', '-1', '-1', null, '', '50', '50', '-1', '-1', '-1', 'published', '', 'hyperthread', 'plain', null, 'TERROR', null, null, null, '', null, '-1', '2013-01-09 02:07:09', '2013-01-09 02:07:09', '2013-01-09 02:25:55'), ('2385', null, 'insert', '3481', '', '2384', '-1', '-1', '-1', '-1', null, '', '50', '50', '-1', '-1', '-1', 'published', '', 'thread', 'plain', null, 'KICKOFF', null, null, null, '', null, '-1', '2013-01-09 02:07:20', '2013-01-09 02:07:20', '2013-01-09 02:21:04'), ('2386', null, 'insert', '3481', '', '2385', '-1', '-1', '-1', '-1', null, '', '50', '50', '-1', '-1', '-1', 'published', '', 'text', 'plain', null, 'technologie!!!', null, null, null, '', null, '-1', '2013-01-09 02:21:04', '2013-01-09 02:21:04', null), ('2387', null, 'insert', '3479', '', '2384', '-1', '-1', '-1', '-1', null, '', '50', '50', '-1', '-1', '-1', 'published', '', 'text', 'plain', null, 'abcc', null, null, null, '', null, '-1', '2013-01-09 02:22:01', '2013-01-09 02:22:01', '2013-01-09 02:25:20'), ('2388', null, 'insert', '3482', '', '2384', '-1', '-1', '-1', '-1', null, '', '50', '50', '-1', '-1', '-1', 'published', '', 'text', 'plain', null, 'wow!', null, null, null, '', null, '-1', '2013-01-09 02:22:19', '2013-01-09 02:22:19', null), ('2389', null, 'insert', '3479', '', '2387', '-1', '-1', '-1', '-1', null, '', '50', '50', '-1', '-1', '-1', 'published', '', 'text', 'plain', null, 'der terror!', null, null, null, '', null, '-1', '2013-01-09 02:25:20', '2013-01-09 02:25:20', null), ('2390', null, 'insert', '3481', '', '2384', '-1', '-1', '-1', '-1', null, '', '50', '50', '-1', '-1', '-1', 'published', '', 'hyperthread', 'plain', null, 'Technoparty', null, null, null, '', null, '-1', '2013-01-09 02:25:55', '2013-01-09 02:25:55', '2013-01-09 02:55:58'), ('2391', null, 'update', '3480', '', '2390', '-1', '-1', '-1', '-1', null, '', '50', '50', '-1', '-1', '-1', 'published', '', 'image', 'png', null, '', null, null, null, '', '', '-1', '2013-01-09 02:40:35', '2013-01-09 02:40:35', '2013-01-09 02:40:42'), ('2392', null, 'insert', '3480', '', '2391', '-1', '-1', '-1', '-1', null, 'visual', '50', '50', '-1', '-1', '-1', 'published', '', 'text', 'plain', null, 'test', null, null, null, '', null, '-1', '2013-01-09 02:40:42', '2013-01-09 02:40:42', null), ('2393', null, 'insert', '3482', '', '2390', '-1', '-1', '-1', '-1', null, '', '50', '50', '-1', '-1', '-1', 'published', '', 'text', 'plain', null, 'kommentieren! ja das kann der registrierte!', null, null, null, '', null, '-1', '2013-01-09 02:55:35', '2013-01-09 02:55:35', null), ('2394', null, 'insert', '3482', '', '2390', '-1', '-1', '-1', '-1', null, '', '50', '50', '-1', '-1', '-1', 'published', '', 'text', 'plain', null, 'bin ich!', null, null, null, '', null, '-1', '2013-01-09 02:55:51', '2013-01-09 02:55:51', null), ('2395', null, 'insert', '3482', '', '2390', '-1', '-1', '-1', '-1', null, '', '50', '50', '-1', '-1', '-1', 'published', '', 'text', 'plain', null, 'go jesus go!', null, null, null, '', null, '-1', '2013-01-09 02:55:58', '2013-01-09 02:55:58', '2013-01-09 02:57:11'), ('2396', null, 'insert', '3479', '', '2395', '-1', '-1', '-1', '-1', null, '', '50', '50', '-1', '-1', '-1', 'published', '', 'text', 'plain', null, 'aha der gast kann auch mitmsichen! \nimmer und immer wieder!', null, null, null, '', null, '-1', '2013-01-09 02:56:47', '2013-01-09 02:56:47', null), ('2397', null, 'update', '3479', '', '2395', '-1', '-1', '-1', '-1', null, '', '50', '50', '-1', '-1', '-1', 'published', '', 'image', 'png', null, '', null, null, null, '', '', '-1', '2013-01-09 02:57:00', '2013-01-09 02:57:00', null), ('2398', null, 'update', '3479', '', '2395', '-1', '-1', '-1', '-1', null, '', '50', '50', '-1', '-1', '-1', 'published', '', 'image', 'png', null, '', null, null, null, '', '', '-1', '2013-01-09 02:57:00', '2013-01-09 02:57:00', null), ('2399', null, 'update', '3479', '', '2395', '-1', '-1', '-1', '-1', null, '', '50', '50', '-1', '-1', '-1', 'published', '', 'image', 'png', null, '', null, null, null, '', '', '-1', '2013-01-09 02:57:00', '2013-01-09 02:57:01', null), ('2400', null, 'update', '3479', '', '2395', '-1', '-1', '-1', '-1', null, '', '50', '50', '-1', '-1', '-1', 'published', '', 'image', 'png', null, '', null, null, null, '', '', '-1', '2013-01-09 02:57:01', '2013-01-09 02:57:02', null), ('2401', null, 'update', '3479', '', '2395', '-1', '-1', '-1', '-1', null, '', '50', '50', '-1', '-1', '-1', 'published', '', 'image', 'png', null, '', null, null, null, '', '', '-1', '2013-01-09 02:57:02', '2013-01-09 02:57:02', null), ('2402', null, 'update', '3479', '', '2395', '-1', '-1', '-1', '-1', null, '', '50', '50', '-1', '-1', '-1', 'published', '', 'image', 'png', null, '', null, null, null, '', '', '-1', '2013-01-09 02:57:02', '2013-01-09 02:57:03', null), ('2403', null, 'update', '3479', '', '2395', '-1', '-1', '-1', '-1', null, '', '50', '50', '-1', '-1', '-1', 'published', '', 'image', 'png', null, '', null, null, null, '', '', '-1', '2013-01-09 02:57:03', '2013-01-09 02:57:05', null), ('2404', null, 'update', '3479', '', '2395', '-1', '-1', '-1', '-1', null, '', '50', '50', '-1', '-1', '-1', 'published', '', 'image', 'png', null, '', null, null, null, '', '', '-1', '2013-01-09 02:57:04', '2013-01-09 02:57:06', null), ('2405', null, 'update', '3479', '', '2395', '-1', '-1', '-1', '-1', null, '', '50', '50', '-1', '-1', '-1', 'published', '', 'image', 'png', null, '', null, null, null, '', '', '-1', '2013-01-09 02:57:06', '2013-01-09 02:57:07', null), ('2406', null, 'update', '3479', '', '2395', '-1', '-1', '-1', '-1', null, '', '50', '50', '-1', '-1', '-1', 'published', '', 'image', 'png', null, '', null, null, null, '', '', '-1', '2013-01-09 02:57:07', '2013-01-09 02:57:07', null), ('2407', null, 'update', '3479', '', '2395', '-1', '-1', '-1', '-1', null, '', '50', '50', '-1', '-1', '-1', 'published', '', 'image', 'png', null, '', null, null, null, '', '', '-1', '2013-01-09 02:57:08', '2013-01-09 02:57:08', null), ('2408', null, 'update', '3479', '', '2395', '-1', '-1', '-1', '-1', null, '', '50', '50', '-1', '-1', '-1', 'published', '', 'image', 'png', null, '', null, null, null, '', '', '-1', '2013-01-09 02:57:08', '2013-01-09 02:57:08', null), ('2409', null, 'update', '3479', '', '2395', '-1', '-1', '-1', '-1', null, '', '50', '50', '-1', '-1', '-1', 'published', '', 'image', 'png', null, '', null, null, null, '', '', '-1', '2013-01-09 02:57:09', '2013-01-09 02:57:09', null), ('2410', null, 'update', '3479', '', '2395', '-1', '-1', '-1', '-1', null, '', '50', '50', '-1', '-1', '-1', 'published', '', 'image', 'png', null, '', null, null, null, '', '', '-1', '2013-01-09 02:57:09', '2013-01-09 02:57:09', null), ('2411', null, 'update', '3479', '', '2395', '-1', '-1', '-1', '-1', null, '', '50', '50', '-1', '-1', '-1', 'published', '', 'image', 'png', null, '', null, null, null, '', '', '-1', '2013-01-09 02:57:09', '2013-01-09 02:57:09', null), ('2412', null, 'update', '3479', '', '2395', '-1', '-1', '-1', '-1', null, '', '50', '50', '-1', '-1', '-1', 'published', '', 'image', 'png', null, '', null, null, null, '', '', '-1', '2013-01-09 02:57:10', '2013-01-09 02:57:11', null), ('2413', null, 'update', '3479', '', '2395', '-1', '-1', '-1', '-1', null, '', '50', '50', '-1', '-1', '-1', 'published', '', 'image', 'png', null, '', null, null, null, '', '', '-1', '2013-01-09 02:57:11', '2013-01-09 02:57:12', null);
COMMIT;

-- ----------------------------
--  Table structure for `TextObjectAttribute`
-- ----------------------------
DROP TABLE IF EXISTS `TextObjectAttribute`;
CREATE TABLE `TextObjectAttribute` (
  `textobjectattributeId` bigint(21) NOT NULL AUTO_INCREMENT,
  `textobjectattributeTextObjectRef` bigint(21) DEFAULT '-1',
  `textobjectattributeUserRef` bigint(21) DEFAULT '-1',
  `textobjectattributeName` varchar(255) DEFAULT NULL COMMENT 'Owner/Collaborater/Freerider [read+write+rulesetter/read+write/read]',
  `textobjectattributeCreate` datetime DEFAULT NULL COMMENT 'Stores Preferences/UserPrefs (Hide) etc. ',
  PRIMARY KEY (`textobjectattributeId`)
) ENGINE=InnoDB DEFAULT CHARSET=utf8;

-- ----------------------------
--  Table structure for `TextObjectVersion`
-- ----------------------------
DROP TABLE IF EXISTS `TextObjectVersion`;
CREATE TABLE `TextObjectVersion` (
  `textobjectId` bigint(20) NOT NULL,
  `textobjectVersionId` bigint(32) NOT NULL AUTO_INCREMENT COMMENT 'Version Id',
  `textobjectVersionType` varchar(255) DEFAULT NULL COMMENT 'Version type',
  `textobjectVersionUserRef` bigint(32) DEFAULT '-1' COMMENT 'User Ref',
  `textobjectRefName` varchar(255) DEFAULT NULL COMMENT 'Reference Name used for TextObjectMembers',
  `textobjectRef` bigint(20) DEFAULT '-1' COMMENT 'Reference to other TextObject',
  `textobjectUserRef` bigint(20) DEFAULT '-1' COMMENT 'Reference User Ref',
  `textobjectOrder` bigint(20) DEFAULT '-1' COMMENT 'Order for the comments',
  `textobjectTimeA` float DEFAULT '-1' COMMENT 'Reference Time Start',
  `textobjectTimeB` float DEFAULT '-1' COMMENT 'Reference Time Stop',
  `textobjectTimeAction` varchar(255) DEFAULT NULL COMMENT ' | Stop | ',
  `textobjectCommentType` varchar(255) DEFAULT NULL COMMENT ' | visual |text',
  `textobjectPositionX` int(20) DEFAULT '-1' COMMENT 'ReferencePosition Visual X',
  `textobjectPositionY` int(20) DEFAULT '-1' COMMENT 'ReferencePosition Visual Y',
  `textobjectPositionZ` int(20) DEFAULT '-1' COMMENT 'ReferencePosition Visual Z',
  `textobjectCursorA` int(11) DEFAULT '-1' COMMENT 'Reference Cursor A',
  `textobjectCursorB` int(11) DEFAULT '-1' COMMENT 'Reference Cursor B',
  `textobjectStatus` varchar(255) DEFAULT NULL COMMENT 'Status draft|published|delete',
  `textobjectName` varchar(255) DEFAULT NULL,
  `textobjectType` varchar(255) DEFAULT NULL COMMENT 'MimeType',
  `textobjectTypeSub` varchar(255) DEFAULT NULL COMMENT 'MimeTypeSub',
  `textobjectDefinition` varchar(255) DEFAULT NULL COMMENT 'not used  ',
  `textobjectArgumentText` text,
  `textobjectArgumentFloat` float(16,0) DEFAULT NULL,
  `textobjectArgumentInt` int(16) DEFAULT NULL,
  `textobjectArgumentDate` datetime DEFAULT NULL,
  `textobjectWidth` varchar(255) DEFAULT '',
  `textobjectHeight` varchar(255) DEFAULT NULL,
  `textobjectTimeLength` float DEFAULT '-1' COMMENT 'Reference Time Start',
  `textobjectCreate` datetime DEFAULT NULL,
  `textobjectUpdate` datetime DEFAULT NULL,
  `textobjectUpdateComments` datetime DEFAULT NULL COMMENT 'Last Update on Commands ...',
  PRIMARY KEY (`textobjectVersionId`),
  KEY `textobjectRefName` (`textobjectRefName`),
  KEY `textobjectRef` (`textobjectRefName`),
  KEY `textobjectStatus` (`textobjectStatus`) USING BTREE,
  KEY `textobjectType` (`textobjectType`) USING HASH,
  KEY `textobjectTypeSub` (`textobjectTypeSub`) USING BTREE
) ENGINE=InnoDB AUTO_INCREMENT=1741 DEFAULT CHARSET=utf8;

-- ----------------------------
--  Records of `TextObjectVersion`
-- ----------------------------
BEGIN;
INSERT INTO `TextObjectVersion` VALUES ('2369', '1676', 'insert', '3479', '', '-1', '3479', '-1', '-1', '-1', null, '', '50', '50', '-1', '-1', '-1', 'published', '', 'domain', 'user', null, '', null, null, null, '', null, '-1', '2013-01-09 00:25:17', '2013-01-09 00:25:17', null), ('2368', '1677', 'insert', '3478', '', '-1', '3478', '-1', '-1', '-1', null, '', '50', '50', '-1', '-1', '-1', 'published', '', 'domain', 'user', null, '', null, null, null, '', null, '-1', '2013-01-09 00:25:17', '2013-01-09 00:25:17', null), ('2371', '1678', 'insert', '-1', 'logo', '2370', '-1', '-1', '-1', '-1', null, '', '50', '50', '-1', '-1', '-1', 'published', '', 'image', 'png', null, 'imgs/logo.png', null, null, null, '', null, '-1', '2013-01-09 00:25:18', '2013-01-09 00:25:18', null), ('2372', '1679', 'insert', '-1', 'text', '2370', '-1', '-1', '-1', '-1', null, '', '50', '50', '-1', '-1', '-1', 'published', '', 'text', 'plain', null, 'Das ist eine iMachina-Installation.', null, null, null, '', null, '-1', '2013-01-09 00:25:18', '2013-01-09 00:25:18', null), ('2370', '1680', 'insert', '-1', '', '-1', '-1', '-1', '-1', '-1', null, '', '50', '50', '-1', '-1', '-1', 'published', '', 'platform', 'plain', null, 'Platform iMachina', null, null, null, '', null, '-1', '2013-01-09 00:25:18', '2013-01-09 00:25:18', '2013-01-09 00:25:18'), ('2374', '1681', 'insert', '-1', '', '2373', '-1', '-1', '-1', '-1', null, '', '50', '50', '-1', '-1', '-1', 'published', '', 'text', 'plain', null, 'first domain on this imachina platform. you can change this or create a new one for your needs.', null, null, null, '', null, '-1', '2013-01-09 00:25:18', '2013-01-09 00:25:18', null), ('2373', '1682', 'insert', '-1', '', '-1', '-1', '-1', '-1', '-1', null, '', '50', '50', '-1', '-1', '-1', 'published', '', 'domain', 'plain', null, 'Domain', null, null, null, '', null, '-1', '2013-01-09 00:25:18', '2013-01-09 00:25:18', '2013-01-09 00:25:18'), ('2375', '1683', 'insert', '3480', '', '-1', '3480', '-1', '-1', '-1', null, '', '50', '50', '-1', '-1', '-1', 'published', '', 'domain', 'user', null, 'root', null, null, null, '', null, '-1', '2013-01-09 00:25:18', '2013-01-09 00:25:18', null), ('2376', '1684', 'insert', '3481', '', '-1', '3481', '-1', '-1', '-1', null, '', '50', '50', '-1', '-1', '-1', 'published', '', 'domain', 'user', null, 'abc', null, null, null, '', null, '-1', '2013-01-09 00:25:41', '2013-01-09 00:25:41', null), ('2373', '1685', 'update', '3480', '', '-1', '-1', '-1', '-1', '-1', null, '', '50', '50', '-1', '-1', '-1', 'published', '', 'domain', 'plain', null, 'Design', null, null, null, '', '', '-1', '2013-01-09 00:25:18', '2013-01-09 00:26:59', '2013-01-09 00:25:18'), ('2377', '1686', 'insert', '3481', '', '2373', '-1', '-1', '-1', '-1', null, '', '50', '50', '-1', '-1', '-1', 'published', '', 'hyperthread', 'plain', null, 'WasTunSieDa? (ABC)', null, null, null, '', null, '-1', '2013-01-09 00:27:25', '2013-01-09 00:27:25', null), ('2378', '1687', 'insert', '3481', '', '2373', '-1', '-1', '-1', '-1', null, '', '50', '50', '-1', '-1', '-1', 'published', '', 'hyperthread', 'plain', null, 'TECHNOPARTY', null, null, null, '', null, '-1', '2013-01-09 00:29:01', '2013-01-09 00:29:01', null), ('2379', '1688', 'insert', '3482', '', '-1', '3482', '-1', '-1', '-1', null, '', '50', '50', '-1', '-1', '-1', 'published', '', 'domain', 'user', null, 'rene.bauer', null, null, null, '', null, '-1', '2013-01-09 00:35:38', '2013-01-09 00:35:38', null), ('2380', '1689', 'insert', '3482', '', '2378', '-1', '-1', '-1', '-1', null, '', '50', '50', '-1', '-1', '-1', 'published', '', 'thread', 'plain', null, 'PissYou!', null, null, null, '', null, '-1', '2013-01-09 00:37:58', '2013-01-09 00:37:58', null), ('2381', '1690', 'insert', '3482', '', '2378', '-1', '-1', '-1', '-1', null, '', '50', '50', '-1', '-1', '-1', 'published', '', 'thread', 'plain', null, 'KRICK IT!', null, null, null, '', null, '-1', '2013-01-09 00:38:06', '2013-01-09 00:38:06', null), ('2382', '1691', 'insert', '3481', '', '2381', '-1', '-1', '-1', '-1', null, '', '50', '50', '-1', '-1', '-1', 'published', '', 'hyperthread', 'plain', null, 'TETRIS', null, null, null, '', null, '-1', '2013-01-09 00:38:38', '2013-01-09 00:38:38', null), ('2383', '1692', 'insert', '3480', '', '2382', '-1', '-1', '-1', '-1', null, '', '50', '50', '-1', '-1', '-1', 'published', '', 'thread', 'plain', null, 'Technoparty', null, null, null, '', null, '-1', '2013-01-09 00:43:19', '2013-01-09 00:43:19', null), ('2384', '1693', 'insert', '3481', '', '2382', '-1', '-1', '-1', '-1', null, '', '50', '50', '-1', '-1', '-1', 'published', '', 'hyperthread', 'plain', null, 'TERROR', null, null, null, '', null, '-1', '2013-01-09 02:07:09', '2013-01-09 02:07:09', null), ('2385', '1694', 'insert', '3481', '', '2384', '-1', '-1', '-1', '-1', null, '', '50', '50', '-1', '-1', '-1', 'published', '', 'thread', 'plain', null, 'KICKOFF', null, null, null, '', null, '-1', '2013-01-09 02:07:20', '2013-01-09 02:07:20', null), ('2386', '1695', 'insert', '3481', '', '2385', '-1', '-1', '-1', '-1', null, '', '50', '50', '-1', '-1', '-1', 'published', '', 'text', 'plain', null, 'technologie!!!', null, null, null, '', null, '-1', '2013-01-09 02:21:04', '2013-01-09 02:21:04', null), ('2387', '1696', 'insert', '3479', '', '2384', '-1', '-1', '-1', '-1', null, '', '50', '50', '-1', '-1', '-1', 'published', '', 'text', 'plain', null, 'abcc', null, null, null, '', null, '-1', '2013-01-09 02:22:01', '2013-01-09 02:22:01', null), ('2388', '1697', 'insert', '3482', '', '2384', '-1', '-1', '-1', '-1', null, '', '50', '50', '-1', '-1', '-1', 'published', '', 'text', 'plain', null, 'wow!', null, null, null, '', null, '-1', '2013-01-09 02:22:19', '2013-01-09 02:22:19', null), ('2389', '1698', 'insert', '3479', '', '2387', '-1', '-1', '-1', '-1', null, '', '50', '50', '-1', '-1', '-1', 'published', '', 'text', 'plain', null, 'der terror!', null, null, null, '', null, '-1', '2013-01-09 02:25:20', '2013-01-09 02:25:20', null), ('2390', '1699', 'insert', '3481', '', '2384', '-1', '-1', '-1', '-1', null, '', '50', '50', '-1', '-1', '-1', 'published', '', 'hyperthread', 'plain', null, 'Technoparty', null, null, null, '', null, '-1', '2013-01-09 02:25:55', '2013-01-09 02:25:55', null), ('2391', '1700', 'insert', '3480', '', '2390', '-1', '-1', '-1', '-1', null, '', '50', '50', '-1', '-1', '-1', 'published', '', 'image', 'png', null, '', null, null, null, '', null, '-1', '2013-01-09 02:40:35', '2013-01-09 02:40:35', null), ('2391', '1701', 'update', '3480', '', '2390', '-1', '-1', '-1', '-1', null, '', '50', '50', '-1', '-1', '-1', 'published', '', 'image', 'png', null, '', null, null, null, '', '', '-1', '2013-01-09 02:40:35', '2013-01-09 02:40:35', null), ('2392', '1702', 'insert', '3480', '', '2391', '-1', '-1', '-1', '-1', null, 'visual', '50', '50', '-1', '-1', '-1', 'published', '', 'text', 'plain', null, 'test', null, null, null, '', null, '-1', '2013-01-09 02:40:42', '2013-01-09 02:40:42', null), ('2393', '1703', 'insert', '3482', '', '2390', '-1', '-1', '-1', '-1', null, '', '50', '50', '-1', '-1', '-1', 'published', '', 'text', 'plain', null, 'kommentieren! ja das kann der registrierte!', null, null, null, '', null, '-1', '2013-01-09 02:55:35', '2013-01-09 02:55:35', null), ('2394', '1704', 'insert', '3482', '', '2390', '-1', '-1', '-1', '-1', null, '', '50', '50', '-1', '-1', '-1', 'published', '', 'text', 'plain', null, 'bin ich!', null, null, null, '', null, '-1', '2013-01-09 02:55:51', '2013-01-09 02:55:51', null), ('2395', '1705', 'insert', '3482', '', '2390', '-1', '-1', '-1', '-1', null, '', '50', '50', '-1', '-1', '-1', 'published', '', 'text', 'plain', null, 'go jesus go!', null, null, null, '', null, '-1', '2013-01-09 02:55:58', '2013-01-09 02:55:58', null), ('2396', '1706', 'insert', '3479', '', '2395', '-1', '-1', '-1', '-1', null, '', '50', '50', '-1', '-1', '-1', 'published', '', 'text', 'plain', null, 'aha der gast kann auch mitmsichen! \nimmer und immer wieder!', null, null, null, '', null, '-1', '2013-01-09 02:56:47', '2013-01-09 02:56:47', null), ('2397', '1707', 'insert', '3479', '', '2395', '-1', '-1', '-1', '-1', null, '', '50', '50', '-1', '-1', '-1', 'published', '', 'image', 'png', null, '', null, null, null, '', null, '-1', '2013-01-09 02:57:00', '2013-01-09 02:57:00', null), ('2398', '1708', 'insert', '3479', '', '2395', '-1', '-1', '-1', '-1', null, '', '50', '50', '-1', '-1', '-1', 'published', '', 'image', 'png', null, '', null, null, null, '', null, '-1', '2013-01-09 02:57:00', '2013-01-09 02:57:00', null), ('2397', '1709', 'update', '3479', '', '2395', '-1', '-1', '-1', '-1', null, '', '50', '50', '-1', '-1', '-1', 'published', '', 'image', 'png', null, '', null, null, null, '', '', '-1', '2013-01-09 02:57:00', '2013-01-09 02:57:00', null), ('2398', '1710', 'update', '3479', '', '2395', '-1', '-1', '-1', '-1', null, '', '50', '50', '-1', '-1', '-1', 'published', '', 'image', 'png', null, '', null, null, null, '', '', '-1', '2013-01-09 02:57:00', '2013-01-09 02:57:00', null), ('2399', '1711', 'insert', '3479', '', '2395', '-1', '-1', '-1', '-1', null, '', '50', '50', '-1', '-1', '-1', 'published', '', 'image', 'png', null, '', null, null, null, '', null, '-1', '2013-01-09 02:57:00', '2013-01-09 02:57:00', null), ('2400', '1712', 'insert', '3479', '', '2395', '-1', '-1', '-1', '-1', null, '', '50', '50', '-1', '-1', '-1', 'published', '', 'image', 'png', null, '', null, null, null, '', null, '-1', '2013-01-09 02:57:01', '2013-01-09 02:57:01', null), ('2399', '1713', 'update', '3479', '', '2395', '-1', '-1', '-1', '-1', null, '', '50', '50', '-1', '-1', '-1', 'published', '', 'image', 'png', null, '', null, null, null, '', '', '-1', '2013-01-09 02:57:00', '2013-01-09 02:57:01', null), ('2400', '1714', 'update', '3479', '', '2395', '-1', '-1', '-1', '-1', null, '', '50', '50', '-1', '-1', '-1', 'published', '', 'image', 'png', null, '', null, null, null, '', '', '-1', '2013-01-09 02:57:01', '2013-01-09 02:57:02', null), ('2401', '1715', 'insert', '3479', '', '2395', '-1', '-1', '-1', '-1', null, '', '50', '50', '-1', '-1', '-1', 'published', '', 'image', 'png', null, '', null, null, null, '', null, '-1', '2013-01-09 02:57:02', '2013-01-09 02:57:02', null), ('2402', '1716', 'insert', '3479', '', '2395', '-1', '-1', '-1', '-1', null, '', '50', '50', '-1', '-1', '-1', 'published', '', 'image', 'png', null, '', null, null, null, '', null, '-1', '2013-01-09 02:57:02', '2013-01-09 02:57:02', null), ('2401', '1717', 'update', '3479', '', '2395', '-1', '-1', '-1', '-1', null, '', '50', '50', '-1', '-1', '-1', 'published', '', 'image', 'png', null, '', null, null, null, '', '', '-1', '2013-01-09 02:57:02', '2013-01-09 02:57:02', null), ('2402', '1718', 'update', '3479', '', '2395', '-1', '-1', '-1', '-1', null, '', '50', '50', '-1', '-1', '-1', 'published', '', 'image', 'png', null, '', null, null, null, '', '', '-1', '2013-01-09 02:57:02', '2013-01-09 02:57:03', null), ('2403', '1719', 'insert', '3479', '', '2395', '-1', '-1', '-1', '-1', null, '', '50', '50', '-1', '-1', '-1', 'published', '', 'image', 'png', null, '', null, null, null, '', null, '-1', '2013-01-09 02:57:03', '2013-01-09 02:57:03', null), ('2404', '1720', 'insert', '3479', '', '2395', '-1', '-1', '-1', '-1', null, '', '50', '50', '-1', '-1', '-1', 'published', '', 'image', 'png', null, '', null, null, null, '', null, '-1', '2013-01-09 02:57:04', '2013-01-09 02:57:04', null), ('2403', '1721', 'update', '3479', '', '2395', '-1', '-1', '-1', '-1', null, '', '50', '50', '-1', '-1', '-1', 'published', '', 'image', 'png', null, '', null, null, null, '', '', '-1', '2013-01-09 02:57:03', '2013-01-09 02:57:05', null), ('2405', '1722', 'insert', '3479', '', '2395', '-1', '-1', '-1', '-1', null, '', '50', '50', '-1', '-1', '-1', 'published', '', 'image', 'png', null, '', null, null, null, '', null, '-1', '2013-01-09 02:57:06', '2013-01-09 02:57:06', null), ('2404', '1723', 'update', '3479', '', '2395', '-1', '-1', '-1', '-1', null, '', '50', '50', '-1', '-1', '-1', 'published', '', 'image', 'png', null, '', null, null, null, '', '', '-1', '2013-01-09 02:57:04', '2013-01-09 02:57:06', null), ('2405', '1724', 'update', '3479', '', '2395', '-1', '-1', '-1', '-1', null, '', '50', '50', '-1', '-1', '-1', 'published', '', 'image', 'png', null, '', null, null, null, '', '', '-1', '2013-01-09 02:57:06', '2013-01-09 02:57:07', null), ('2406', '1725', 'insert', '3479', '', '2395', '-1', '-1', '-1', '-1', null, '', '50', '50', '-1', '-1', '-1', 'published', '', 'image', 'png', null, '', null, null, null, '', null, '-1', '2013-01-09 02:57:07', '2013-01-09 02:57:07', null), ('2406', '1726', 'update', '3479', '', '2395', '-1', '-1', '-1', '-1', null, '', '50', '50', '-1', '-1', '-1', 'published', '', 'image', 'png', null, '', null, null, null, '', '', '-1', '2013-01-09 02:57:07', '2013-01-09 02:57:07', null), ('2407', '1727', 'insert', '3479', '', '2395', '-1', '-1', '-1', '-1', null, '', '50', '50', '-1', '-1', '-1', 'published', '', 'image', 'png', null, '', null, null, null, '', null, '-1', '2013-01-09 02:57:08', '2013-01-09 02:57:08', null), ('2408', '1728', 'insert', '3479', '', '2395', '-1', '-1', '-1', '-1', null, '', '50', '50', '-1', '-1', '-1', 'published', '', 'image', 'png', null, '', null, null, null, '', null, '-1', '2013-01-09 02:57:08', '2013-01-09 02:57:08', null), ('2407', '1729', 'update', '3479', '', '2395', '-1', '-1', '-1', '-1', null, '', '50', '50', '-1', '-1', '-1', 'published', '', 'image', 'png', null, '', null, null, null, '', '', '-1', '2013-01-09 02:57:08', '2013-01-09 02:57:08', null), ('2408', '1730', 'update', '3479', '', '2395', '-1', '-1', '-1', '-1', null, '', '50', '50', '-1', '-1', '-1', 'published', '', 'image', 'png', null, '', null, null, null, '', '', '-1', '2013-01-09 02:57:08', '2013-01-09 02:57:08', null), ('2409', '1731', 'insert', '3479', '', '2395', '-1', '-1', '-1', '-1', null, '', '50', '50', '-1', '-1', '-1', 'published', '', 'image', 'png', null, '', null, null, null, '', null, '-1', '2013-01-09 02:57:09', '2013-01-09 02:57:09', null), ('2409', '1732', 'update', '3479', '', '2395', '-1', '-1', '-1', '-1', null, '', '50', '50', '-1', '-1', '-1', 'published', '', 'image', 'png', null, '', null, null, null, '', '', '-1', '2013-01-09 02:57:09', '2013-01-09 02:57:09', null), ('2410', '1733', 'insert', '3479', '', '2395', '-1', '-1', '-1', '-1', null, '', '50', '50', '-1', '-1', '-1', 'published', '', 'image', 'png', null, '', null, null, null, '', null, '-1', '2013-01-09 02:57:09', '2013-01-09 02:57:09', null), ('2411', '1734', 'insert', '3479', '', '2395', '-1', '-1', '-1', '-1', null, '', '50', '50', '-1', '-1', '-1', 'published', '', 'image', 'png', null, '', null, null, null, '', null, '-1', '2013-01-09 02:57:09', '2013-01-09 02:57:09', null), ('2410', '1735', 'update', '3479', '', '2395', '-1', '-1', '-1', '-1', null, '', '50', '50', '-1', '-1', '-1', 'published', '', 'image', 'png', null, '', null, null, null, '', '', '-1', '2013-01-09 02:57:09', '2013-01-09 02:57:09', null), ('2411', '1736', 'update', '3479', '', '2395', '-1', '-1', '-1', '-1', null, '', '50', '50', '-1', '-1', '-1', 'published', '', 'image', 'png', null, '', null, null, null, '', '', '-1', '2013-01-09 02:57:09', '2013-01-09 02:57:09', null), ('2412', '1737', 'insert', '3479', '', '2395', '-1', '-1', '-1', '-1', null, '', '50', '50', '-1', '-1', '-1', 'published', '', 'image', 'png', null, '', null, null, null, '', null, '-1', '2013-01-09 02:57:10', '2013-01-09 02:57:10', null), ('2413', '1738', 'insert', '3479', '', '2395', '-1', '-1', '-1', '-1', null, '', '50', '50', '-1', '-1', '-1', 'published', '', 'image', 'png', null, '', null, null, null, '', null, '-1', '2013-01-09 02:57:11', '2013-01-09 02:57:11', null), ('2412', '1739', 'update', '3479', '', '2395', '-1', '-1', '-1', '-1', null, '', '50', '50', '-1', '-1', '-1', 'published', '', 'image', 'png', null, '', null, null, null, '', '', '-1', '2013-01-09 02:57:10', '2013-01-09 02:57:11', null), ('2413', '1740', 'update', '3479', '', '2395', '-1', '-1', '-1', '-1', null, '', '50', '50', '-1', '-1', '-1', 'published', '', 'image', 'png', null, '', null, null, null, '', '', '-1', '2013-01-09 02:57:11', '2013-01-09 02:57:12', null);
COMMIT;

-- ----------------------------
--  Table structure for `User`
-- ----------------------------
DROP TABLE IF EXISTS `User`;
CREATE TABLE `User` (
  `userId` bigint(20) NOT NULL AUTO_INCREMENT COMMENT 'user identity',
  `userCanLogin` int(2) NOT NULL DEFAULT '1',
  `userIdExternal` varchar(255) CHARACTER SET utf8 COLLATE utf8_unicode_ci NOT NULL DEFAULT '-1' COMMENT 'external id',
  `userIdExternalFacebook` varchar(255) CHARACTER SET utf8 COLLATE utf8_unicode_ci NOT NULL DEFAULT '-1' COMMENT 'external id',
  `userIdExternalTwitter` varchar(255) CHARACTER SET utf8 COLLATE utf8_unicode_ci NOT NULL DEFAULT '-1' COMMENT 'external id',
  `userMatrikelNummer` varchar(255) CHARACTER SET utf8 COLLATE utf8_unicode_ci NOT NULL,
  `userType` varchar(255) CHARACTER SET utf8 COLLATE utf8_unicode_ci NOT NULL,
  `userGeneric` int(2) NOT NULL DEFAULT '0',
  `userGroup` varchar(255) CHARACTER SET utf8 COLLATE utf8_unicode_ci NOT NULL,
  `userClass` varchar(255) CHARACTER SET utf8 COLLATE utf8_unicode_ci NOT NULL,
  `userStatus` varchar(255) CHARACTER SET utf8 COLLATE utf8_unicode_ci NOT NULL DEFAULT 'active',
  `userName` varchar(255) CHARACTER SET utf8 COLLATE utf8_unicode_ci NOT NULL,
  `userPreName` varchar(255) CHARACTER SET utf8 COLLATE utf8_unicode_ci NOT NULL,
  `userStreet` varchar(255) CHARACTER SET utf8 COLLATE utf8_unicode_ci NOT NULL,
  `userTown` varchar(255) CHARACTER SET utf8 COLLATE utf8_unicode_ci NOT NULL,
  `userZip` varchar(255) CHARACTER SET utf8 COLLATE utf8_unicode_ci NOT NULL,
  `userCountry` varchar(255) CHARACTER SET utf8 COLLATE utf8_unicode_ci NOT NULL,
  `userPhone` varchar(255) CHARACTER SET utf8 COLLATE utf8_unicode_ci NOT NULL,
  `userEmails` tinytext CHARACTER SET utf8 COLLATE utf8_unicode_ci NOT NULL COMMENT 'emails  separated',
  `userLogin` varchar(255) CHARACTER SET utf8 COLLATE utf8_unicode_ci NOT NULL COMMENT 'user login',
  `userPassword` varchar(255) CHARACTER SET utf8 COLLATE utf8_unicode_ci NOT NULL COMMENT 'user password',
  `userPasswordNew` varchar(255) CHARACTER SET utf8 COLLATE utf8_unicode_ci NOT NULL,
  `userAvatar` varchar(255) CHARACTER SET utf8 COLLATE utf8_unicode_ci NOT NULL,
  `userIconStatus` varchar(255) NOT NULL DEFAULT 'default',
  `userInvitationStatus` varchar(255) NOT NULL DEFAULT 'no',
  `userInvitationPassword` varchar(255) NOT NULL,
  `userCreate` timestamp NOT NULL DEFAULT CURRENT_TIMESTAMP ON UPDATE CURRENT_TIMESTAMP COMMENT 'user create',
  `userLastUpdate` timestamp NOT NULL DEFAULT '0000-00-00 00:00:00' COMMENT 'user last update',
  PRIMARY KEY (`userId`)
) ENGINE=MyISAM AUTO_INCREMENT=3483 DEFAULT CHARSET=utf8;

-- ----------------------------
--  Records of `User`
-- ----------------------------
BEGIN;
INSERT INTO `User` VALUES ('3478', '0', '-1', '-1', '-1', '', 'registrated', '1', '', '', 'active', 'Registrated Platform Users', '', '', '', '', '', '', '', '', 'CPLHf', '', '', 'default', 'no', '', '2013-01-09 00:25:17', '0000-00-00 00:00:00'), ('3479', '0', '-1', '-1', '-1', '', 'anonymous', '1', '', '', 'active', 'Guest', '', '', '', '', '', '', '', '', 'pfTNV', '', '', 'default', 'no', '', '2013-01-09 00:25:17', '0000-00-00 00:00:00'), ('3480', '1', '-1', '-1', '-1', '', '', '0', '', '', 'active', 'root', '', '', '', '', '', '', '', 'root', 'reto', '', 'root', 'default', 'no', '', '2013-01-09 00:26:05', '0000-00-00 00:00:00'), ('3481', '1', '-1', '-1', '-1', '', '', '0', '', '', 'active', 'abc', '', '', '', '', '', '', '', 'abc', 'reto', '', 'abc', 'default', 'no', '', '2013-01-09 00:26:01', '0000-00-00 00:00:00'), ('3482', '1', '-1', '-1', '-1', '', '', '0', '', '', 'active', 'rene.bauer', '', '', '', '', '', '', '', 'rene.bauer@zhdk.ch', 'reto', '', 'rene.bauer', 'default', 'no', '', '2013-01-09 00:35:57', '0000-00-00 00:00:00');
COMMIT;

SET FOREIGN_KEY_CHECKS = 1;
